id_movimento,data_competencia,data_vencimento,data_pagamento,tipo,categoria,centro_custo,entidade,forma_pagamento,status,valor_previsto,valor_realizado,origem,atualizado_em
MOV-00001,2025-04-01,2025-04-17,2025-04-09,Saída,Logística,Tecnologia,Entidade 017,Cartão,Pago no prazo,5329.09,5251.54,Base sintética,2026-09-15
MOV-00002,2025-06-01,2025-06-13,2025-07-03,Saída,Impostos,Financeiro,Entidade 059,Boleto,Pago em atraso,8122.08,8132.1,Base sintética,2026-09-15
MOV-00003,2026-03-01,2026-03-11,2026-03-10,Saída,Fornecedores,Tecnologia,Entidade 060,Boleto,Pago no prazo,11766.02,11628.77,Base sintética,2026-09-15
MOV-00004,2025-06-01,2025-06-14,2025-06-07,Entrada,Receita de serviços,Administrativo,Entidade 079,PIX,Pago no prazo,8388.99,8441.55,Base sintética,2026-09-15
MOV-00005,2026-08-01,2026-08-12,2026-08-05,Saída,Marketing,Financeiro,Entidade 036,PIX,Pago no prazo,11205.55,11175.74,Base sintética,2026-09-15
MOV-00006,2025-11-01,2025-11-05,2025-11-10,Saída,Folha,Comercial,Entidade 026,Transferência,Pago em atraso,6465.54,6372.68,Base sintética,2026-09-15
MOV-00007,2026-04-01,2026-04-06,2026-03-28,Entrada,Rendimentos,Administrativo,Entidade 084,Cartão,Pago no prazo,7120.14,7167.75,Base sintética,2026-09-15
MOV-00008,2026-02-01,2026-02-09,2026-02-28,Entrada,Rendimentos,Comercial,Entidade 031,Boleto,Pago em atraso,7172.51,7173.27,Base sintética,2026-09-15
MOV-00009,2025-05-01,2025-05-20,2025-05-16,Entrada,Rendimentos,Tecnologia,Entidade 072,Cartão,Pago no prazo,10942.65,11016.42,Base sintética,2026-09-15
MOV-00010,2025-05-01,2025-05-22,2025-05-15,Saída,Marketing,Tecnologia,Entidade 082,Transferência,Pago no prazo,10355.17,10209.25,Base sintética,2026-09-15
MOV-00011,2025-07-01,2025-07-14,2025-07-14,Entrada,Rendimentos,Administrativo,Entidade 084,Transferência,Pago no prazo,2606.55,2569.27,Base sintética,2026-09-15
MOV-00012,2026-05-01,2026-05-03,,Entrada,Rendimentos,Tecnologia,Entidade 014,Boleto,Vencido,461.31,0.0,Base sintética,2026-09-15
MOV-00013,2026-04-01,2026-04-02,2026-03-27,Saída,Fornecedores,Operações,Entidade 038,Boleto,Pago no prazo,9301.98,9315.82,Base sintética,2026-09-15
MOV-00014,2025-01-01,2025-01-31,2025-01-22,Saída,Folha,Operações,Entidade 010,Boleto,Pago no prazo,3223.9,3212.5,Base sintética,2026-09-15
MOV-00015,2026-02-01,2026-02-23,2026-02-21,Saída,Infraestrutura,Operações,Entidade 069,Transferência,Pago no prazo,4585.19,4535.56,Base sintética,2026-09-15
MOV-00016,2025-10-01,2025-10-07,2025-09-27,Entrada,Receita de serviços,Financeiro,Entidade 085,Cartão,Pago no prazo,15299.52,15281.97,Base sintética,2026-09-15
MOV-00017,2026-01-01,2026-01-19,2026-01-18,Saída,Infraestrutura,Tecnologia,Entidade 004,Boleto,Pago no prazo,6871.14,6896.84,Base sintética,2026-09-15
MOV-00018,2026-08-01,2026-08-27,,Saída,Marketing,Operações,Entidade 067,Boleto,Vencido,336.83,0.0,Base sintética,2026-09-15
MOV-00019,2026-08-01,2026-08-24,2026-08-19,Saída,Marketing,Tecnologia,Entidade 050,PIX,Pago no prazo,4831.13,4763.48,Base sintética,2026-09-15
MOV-00020,2025-03-01,2025-03-15,2025-03-28,Saída,Tecnologia,Financeiro,Entidade 034,Boleto,Pago em atraso,8109.69,8181.27,Base sintética,2026-09-15
MOV-00021,2026-04-01,2026-04-18,2026-04-09,Entrada,Aporte,Operações,Entidade 085,Transferência,Pago no prazo,3354.26,3353.01,Base sintética,2026-09-15
MOV-00022,2026-08-01,2026-08-13,2026-08-20,Saída,Fornecedores,Tecnologia,Entidade 041,Transferência,Pago em atraso,31360.01,31463.24,Base sintética,2026-09-15
MOV-00023,2026-04-01,2026-04-29,2026-04-26,Saída,Marketing,Operações,Entidade 062,Boleto,Pago no prazo,8858.5,8752.83,Base sintética,2026-09-15
MOV-00024,2026-04-01,2026-04-23,2026-04-27,Entrada,Rendimentos,Financeiro,Entidade 069,Boleto,Pago em atraso,2011.81,2004.81,Base sintética,2026-09-15
MOV-00025,2025-06-01,2025-06-10,2025-06-03,Saída,Fornecedores,Tecnologia,Entidade 076,Cartão,Pago no prazo,5281.68,5205.89,Base sintética,2026-09-15
MOV-00026,2025-07-01,2025-07-01,,Entrada,Receita de serviços,Administrativo,Entidade 060,Transferência,Vencido,739.47,0.0,Base sintética,2026-09-15
MOV-00027,2025-05-01,2025-05-09,2025-04-29,Saída,Logística,Tecnologia,Entidade 016,Cartão,Pago no prazo,4616.31,4627.96,Base sintética,2026-09-15
MOV-00028,2025-05-01,2025-05-16,2025-05-06,Saída,Infraestrutura,Tecnologia,Entidade 055,Transferência,Pago no prazo,6633.24,6664.5,Base sintética,2026-09-15
MOV-00029,2026-05-01,2026-05-11,2026-05-08,Entrada,Receita de serviços,Comercial,Entidade 054,PIX,Pago no prazo,13104.73,13225.98,Base sintética,2026-09-15
MOV-00030,2025-12-01,2025-12-28,2026-01-05,Saída,Impostos,Administrativo,Entidade 025,PIX,Pago em atraso,1246.87,1250.49,Base sintética,2026-09-15
MOV-00031,2025-11-01,2025-11-08,2025-11-03,Entrada,Aporte,Financeiro,Entidade 070,PIX,Pago no prazo,9245.43,9247.3,Base sintética,2026-09-15
MOV-00032,2026-02-01,2026-02-24,,Saída,Infraestrutura,Administrativo,Entidade 048,PIX,Vencido,720.19,0.0,Base sintética,2026-09-15
MOV-00033,2025-03-01,2025-03-26,2025-03-25,Saída,Marketing,Administrativo,Entidade 007,Cartão,Pago no prazo,6654.69,6717.53,Base sintética,2026-09-15
MOV-00034,2026-06-01,2026-06-03,2026-05-25,Saída,Logística,Tecnologia,Entidade 001,PIX,Pago no prazo,10984.32,10828.06,Base sintética,2026-09-15
MOV-00035,2025-03-01,2025-03-15,2025-03-25,Saída,Marketing,Administrativo,Entidade 056,PIX,Pago em atraso,9264.17,9306.33,Base sintética,2026-09-15
MOV-00036,2025-12-01,2025-12-30,2025-12-22,Entrada,Vendas,Operações,Entidade 048,Boleto,Pago no prazo,6487.19,6437.32,Base sintética,2026-09-15
MOV-00037,2026-04-01,2026-04-05,2026-04-04,Saída,Folha,Comercial,Entidade 059,Cartão,Pago no prazo,15454.36,15356.33,Base sintética,2026-09-15
MOV-00038,2025-06-01,2025-06-22,2025-06-17,Entrada,Aporte,Tecnologia,Entidade 019,Transferência,Pago no prazo,7132.38,7047.38,Base sintética,2026-09-15
MOV-00039,2025-04-01,2025-04-15,2025-04-08,Saída,Marketing,Administrativo,Entidade 047,PIX,Pago no prazo,7556.51,7576.97,Base sintética,2026-09-15
MOV-00040,2026-06-01,2026-06-22,2026-06-13,Entrada,Vendas,Operações,Entidade 064,Boleto,Pago no prazo,2674.73,2669.32,Base sintética,2026-09-15
MOV-00041,2025-07-01,2025-07-28,2025-07-25,Saída,Marketing,Operações,Entidade 042,Transferência,Pago no prazo,16447.51,16326.86,Base sintética,2026-09-15
MOV-00042,2025-08-01,2025-08-23,2025-08-13,Saída,Infraestrutura,Tecnologia,Entidade 002,Cartão,Pago no prazo,3296.33,3267.69,Base sintética,2026-09-15
MOV-00043,2026-05-01,2026-05-25,2026-05-17,Entrada,Rendimentos,Administrativo,Entidade 024,PIX,Pago no prazo,3681.09,3705.92,Base sintética,2026-09-15
MOV-00044,2026-06-01,2026-06-05,2026-05-29,Entrada,Receita de serviços,Tecnologia,Entidade 031,Cartão,Pago no prazo,15956.89,16094.67,Base sintética,2026-09-15
MOV-00045,2025-01-01,2025-01-12,2025-01-12,Saída,Folha,Comercial,Entidade 078,Transferência,Pago no prazo,5040.03,5087.97,Base sintética,2026-09-15
MOV-00046,2025-05-01,2025-05-23,2025-05-15,Saída,Impostos,Tecnologia,Entidade 033,PIX,Pago no prazo,12318.25,12427.92,Base sintética,2026-09-15
MOV-00047,2025-08-01,2025-08-06,2025-07-27,Saída,Fornecedores,Financeiro,Entidade 080,PIX,Pago no prazo,5830.79,5743.49,Base sintética,2026-09-15
MOV-00048,2026-06-01,2026-06-23,2026-06-15,Entrada,Receita de serviços,Comercial,Entidade 004,Boleto,Pago no prazo,5940.83,5896.4,Base sintética,2026-09-15
MOV-00049,2026-08-01,2026-08-25,2026-08-25,Entrada,Rendimentos,Financeiro,Entidade 001,Transferência,Pago no prazo,16834.55,16802.47,Base sintética,2026-09-15
MOV-00050,2026-02-01,2026-02-03,2026-01-27,Entrada,Aporte,Comercial,Entidade 015,Transferência,Pago no prazo,12063.87,12118.28,Base sintética,2026-09-15
MOV-00051,2025-03-01,2025-03-30,2025-03-26,Entrada,Vendas,Operações,Entidade 070,PIX,Pago no prazo,16800.32,16966.26,Base sintética,2026-09-15
MOV-00052,2025-11-01,2025-11-15,2025-11-15,Saída,Marketing,Comercial,Entidade 022,PIX,Pago no prazo,22047.06,22182.93,Base sintética,2026-09-15
MOV-00053,2025-10-01,2025-10-03,2025-10-02,Saída,Logística,Administrativo,Entidade 060,Cartão,Pago no prazo,3589.46,3540.07,Base sintética,2026-09-15
MOV-00054,2026-01-01,2026-01-31,2026-01-26,Saída,Fornecedores,Financeiro,Entidade 035,Cartão,Pago no prazo,2515.38,2503.91,Base sintética,2026-09-15
MOV-00055,2026-02-01,2026-02-15,2026-02-10,Saída,Impostos,Tecnologia,Entidade 031,PIX,Pago no prazo,2284.53,2288.53,Base sintética,2026-09-15
MOV-00056,2026-05-01,2026-05-18,2026-05-14,Saída,Marketing,Comercial,Entidade 012,Boleto,Pago no prazo,19225.25,18973.37,Base sintética,2026-09-15
MOV-00057,2026-05-01,2026-05-30,2026-05-21,Entrada,Aporte,Operações,Entidade 036,Boleto,Pago no prazo,62603.65,62431.18,Base sintética,2026-09-15
MOV-00058,2026-08-01,2026-08-25,2026-09-02,Saída,Infraestrutura,Tecnologia,Entidade 031,PIX,Pago em atraso,5480.21,5506.02,Base sintética,2026-09-15
MOV-00059,2026-04-01,2026-04-03,2026-04-03,Saída,Impostos,Tecnologia,Entidade 009,Boleto,Pago no prazo,5189.39,5213.0,Base sintética,2026-09-15
MOV-00060,2026-01-01,2026-01-15,,Entrada,Vendas,Tecnologia,Entidade 076,Transferência,Vencido,158.72,0.0,Base sintética,2026-09-15
MOV-00061,2025-06-01,2025-06-02,2025-06-02,Entrada,Receita de serviços,Comercial,Entidade 019,Boleto,Pago no prazo,4195.81,4162.35,Base sintética,2026-09-15
MOV-00062,2025-06-01,2025-06-12,2025-06-02,Entrada,Receita de serviços,Tecnologia,Entidade 056,PIX,Pago no prazo,4323.92,4264.97,Base sintética,2026-09-15
MOV-00063,2025-01-01,2025-01-21,2025-01-14,Saída,Tecnologia,Tecnologia,Entidade 060,Transferência,Pago no prazo,10065.34,9948.83,Base sintética,2026-09-15
MOV-00064,2025-11-01,2025-11-08,2025-11-02,Saída,Folha,Operações,Entidade 058,PIX,Pago no prazo,13242.33,13351.87,Base sintética,2026-09-15
MOV-00065,2026-08-01,2026-08-28,2026-08-26,Saída,Infraestrutura,Comercial,Entidade 077,Boleto,Pago no prazo,4376.43,4349.99,Base sintética,2026-09-15
MOV-00066,2026-01-01,2026-01-08,2026-01-07,Entrada,Aporte,Comercial,Entidade 080,PIX,Pago no prazo,8312.56,8378.83,Base sintética,2026-09-15
MOV-00067,2025-07-01,2025-07-07,,Entrada,Receita de serviços,Tecnologia,Entidade 029,Transferência,Vencido,1548.3,0.0,Base sintética,2026-09-15
MOV-00068,2025-11-01,2025-11-18,2025-11-08,Entrada,Rendimentos,Financeiro,Entidade 084,Cartão,Pago no prazo,9406.72,9275.91,Base sintética,2026-09-15
MOV-00069,2025-02-01,2025-02-26,2025-02-19,Entrada,Aporte,Administrativo,Entidade 081,Cartão,Pago no prazo,7062.71,7056.64,Base sintética,2026-09-15
MOV-00070,2025-04-01,2025-04-29,2025-04-25,Saída,Infraestrutura,Administrativo,Entidade 004,Cartão,Pago no prazo,6958.3,6914.04,Base sintética,2026-09-15
MOV-00071,2025-09-01,2025-09-22,2025-09-17,Saída,Marketing,Comercial,Entidade 085,Transferência,Pago no prazo,50284.53,49735.13,Base sintética,2026-09-15
MOV-00072,2026-07-01,2026-07-07,2026-06-30,Entrada,Aporte,Comercial,Entidade 005,Cartão,Pago no prazo,2717.04,2690.27,Base sintética,2026-09-15
MOV-00073,2025-05-01,2025-05-17,2025-05-13,Entrada,Rendimentos,Comercial,Entidade 003,PIX,Pago no prazo,15565.24,15411.47,Base sintética,2026-09-15
MOV-00074,2025-12-01,2025-12-23,2025-12-20,Saída,Fornecedores,Tecnologia,Entidade 018,Cartão,Pago no prazo,5333.55,5382.51,Base sintética,2026-09-15
MOV-00075,2025-03-01,2025-03-30,2025-03-30,Saída,Folha,Comercial,Entidade 040,PIX,Pago no prazo,6965.98,6982.86,Base sintética,2026-09-15
MOV-00076,2026-07-01,2026-07-14,2026-07-11,Saída,Folha,Comercial,Entidade 015,PIX,Pago no prazo,12906.59,12869.59,Base sintética,2026-09-15
MOV-00077,2025-09-01,2025-09-28,2025-09-20,Saída,Marketing,Administrativo,Entidade 051,PIX,Pago no prazo,59528.38,59121.19,Base sintética,2026-09-15
MOV-00078,2025-04-01,2025-04-15,2025-04-05,Saída,Fornecedores,Tecnologia,Entidade 009,Boleto,Pago no prazo,4923.88,4880.51,Base sintética,2026-09-15
MOV-00079,2025-04-01,2025-04-21,2025-04-19,Saída,Folha,Administrativo,Entidade 007,Transferência,Pago no prazo,5299.38,5231.41,Base sintética,2026-09-15
MOV-00080,2025-07-01,2025-07-06,2025-06-28,Saída,Fornecedores,Operações,Entidade 016,PIX,Pago no prazo,30998.07,31007.24,Base sintética,2026-09-15
MOV-00081,2025-05-01,2025-05-24,2025-05-18,Entrada,Vendas,Operações,Entidade 010,PIX,Pago no prazo,4615.97,4647.08,Base sintética,2026-09-15
MOV-00082,2025-08-01,2025-08-05,2025-07-31,Entrada,Vendas,Financeiro,Entidade 011,Cartão,Pago no prazo,7687.89,7596.82,Base sintética,2026-09-15
MOV-00083,2026-05-01,2026-05-27,,Saída,Infraestrutura,Financeiro,Entidade 082,PIX,Vencido,1013.75,0.0,Base sintética,2026-09-15
MOV-00084,2026-05-01,2026-05-22,2026-05-15,Entrada,Vendas,Financeiro,Entidade 033,Boleto,Pago no prazo,6093.39,6101.23,Base sintética,2026-09-15
MOV-00085,2026-03-01,2026-03-30,2026-03-30,Saída,Tecnologia,Financeiro,Entidade 024,Cartão,Pago no prazo,6159.74,6148.27,Base sintética,2026-09-15
MOV-00086,2025-01-01,2025-01-17,2025-02-01,Saída,Fornecedores,Comercial,Entidade 018,PIX,Pago em atraso,26201.63,25933.04,Base sintética,2026-09-15
MOV-00087,2025-05-01,2025-05-29,2025-05-27,Entrada,Rendimentos,Tecnologia,Entidade 065,PIX,Pago no prazo,14101.17,14102.56,Base sintética,2026-09-15
MOV-00088,2026-01-01,2026-01-11,2026-01-11,Saída,Impostos,Tecnologia,Entidade 067,Boleto,Pago no prazo,4562.43,4597.13,Base sintética,2026-09-15
MOV-00089,2026-08-01,2026-08-26,2026-08-20,Saída,Logística,Tecnologia,Entidade 017,Transferência,Pago no prazo,11378.06,11277.38,Base sintética,2026-09-15
MOV-00090,2025-02-01,2025-02-08,2025-02-08,Entrada,Vendas,Operações,Entidade 017,Boleto,Pago no prazo,5228.15,5256.2,Base sintética,2026-09-15
MOV-00091,2026-06-01,2026-06-10,2026-06-02,Entrada,Vendas,Administrativo,Entidade 045,PIX,Pago no prazo,36318.58,36133.9,Base sintética,2026-09-15
MOV-00092,2026-04-01,2026-04-14,2026-04-05,Entrada,Receita de serviços,Comercial,Entidade 074,Boleto,Pago no prazo,15152.55,15062.76,Base sintética,2026-09-15
MOV-00093,2025-10-01,2025-10-07,2025-10-04,Saída,Infraestrutura,Financeiro,Entidade 037,Boleto,Pago no prazo,11819.8,11704.64,Base sintética,2026-09-15
MOV-00094,2025-07-01,2025-07-17,2025-07-07,Saída,Logística,Operações,Entidade 006,Transferência,Pago no prazo,9823.4,9832.29,Base sintética,2026-09-15
MOV-00095,2025-07-01,2025-07-06,2025-07-05,Saída,Marketing,Comercial,Entidade 052,Transferência,Pago no prazo,4222.08,4174.57,Base sintética,2026-09-15
MOV-00096,2026-01-01,2026-01-31,2026-01-27,Saída,Tecnologia,Operações,Entidade 077,PIX,Pago no prazo,4974.79,4959.03,Base sintética,2026-09-15
MOV-00097,2026-08-01,2026-08-12,2026-08-02,Saída,Marketing,Tecnologia,Entidade 081,Transferência,Pago no prazo,1830.86,1805.3,Base sintética,2026-09-15
MOV-00098,2025-07-01,2025-07-30,2025-07-21,Entrada,Receita de serviços,Tecnologia,Entidade 015,Transferência,Pago no prazo,16108.37,16058.71,Base sintética,2026-09-15
MOV-00099,2026-05-01,2026-05-06,2026-04-30,Saída,Infraestrutura,Operações,Entidade 044,PIX,Pago no prazo,3025.87,3039.32,Base sintética,2026-09-15
MOV-00100,2025-10-01,2025-10-31,2025-10-23,Entrada,Rendimentos,Tecnologia,Entidade 068,Cartão,Pago no prazo,6619.18,6665.44,Base sintética,2026-09-15
MOV-00101,2025-01-01,2025-01-25,2025-01-19,Saída,Folha,Operações,Entidade 038,PIX,Pago no prazo,11304.03,11240.24,Base sintética,2026-09-15
MOV-00102,2025-07-01,2025-07-22,2025-07-19,Entrada,Receita de serviços,Financeiro,Entidade 025,PIX,Pago no prazo,3240.78,3201.14,Base sintética,2026-09-15
MOV-00103,2025-03-01,2025-03-23,,Entrada,Rendimentos,Comercial,Entidade 077,PIX,Vencido,226.62,0.0,Base sintética,2026-09-15
MOV-00104,2025-08-01,2025-08-20,2025-08-13,Entrada,Aporte,Tecnologia,Entidade 018,Transferência,Pago no prazo,22616.85,22322.59,Base sintética,2026-09-15
MOV-00105,2026-05-01,2026-05-27,2026-05-20,Saída,Folha,Comercial,Entidade 011,Transferência,Pago no prazo,6023.94,5987.3,Base sintética,2026-09-15
MOV-00106,2025-04-01,2025-04-06,2025-03-28,Saída,Folha,Operações,Entidade 072,Cartão,Pago no prazo,12648.86,12484.53,Base sintética,2026-09-15
MOV-00107,2025-01-01,2025-01-28,2025-01-20,Saída,Tecnologia,Administrativo,Entidade 059,Cartão,Pago no prazo,6920.34,6962.15,Base sintética,2026-09-15
MOV-00108,2025-07-01,2025-07-26,2025-07-23,Saída,Impostos,Administrativo,Entidade 038,Transferência,Pago no prazo,20025.85,20165.09,Base sintética,2026-09-15
MOV-00109,2025-10-01,2025-10-04,2025-09-28,Saída,Fornecedores,Financeiro,Entidade 079,Transferência,Pago no prazo,7573.25,7517.35,Base sintética,2026-09-15
MOV-00110,2025-02-01,2025-02-20,2025-02-13,Entrada,Rendimentos,Tecnologia,Entidade 046,Transferência,Pago no prazo,17693.62,17740.82,Base sintética,2026-09-15
MOV-00111,2026-07-01,2026-07-17,2026-07-07,Entrada,Receita de serviços,Tecnologia,Entidade 047,Boleto,Pago no prazo,14782.75,14694.45,Base sintética,2026-09-15
MOV-00112,2025-01-01,2025-01-19,2025-01-18,Saída,Fornecedores,Comercial,Entidade 073,Boleto,Pago no prazo,3776.27,3768.38,Base sintética,2026-09-15
MOV-00113,2025-03-01,2025-03-18,,Entrada,Receita de serviços,Financeiro,Entidade 055,Cartão,Vencido,598.4,0.0,Base sintética,2026-09-15
MOV-00114,2026-01-01,2026-01-21,2026-01-19,Entrada,Rendimentos,Comercial,Entidade 030,Boleto,Pago no prazo,21248.85,21143.42,Base sintética,2026-09-15
MOV-00115,2025-02-01,2025-02-03,,Saída,Infraestrutura,Administrativo,Entidade 068,Boleto,Vencido,159.88,0.0,Base sintética,2026-09-15
MOV-00116,2026-06-01,2026-06-21,2026-06-15,Entrada,Rendimentos,Financeiro,Entidade 022,Boleto,Pago no prazo,7505.2,7393.35,Base sintética,2026-09-15
MOV-00117,2025-03-01,2025-03-21,2025-04-09,Saída,Fornecedores,Comercial,Entidade 055,Cartão,Pago em atraso,14188.08,14212.09,Base sintética,2026-09-15
MOV-00118,2026-01-01,2026-01-01,2026-01-09,Entrada,Rendimentos,Financeiro,Entidade 009,Boleto,Pago em atraso,9410.44,9502.93,Base sintética,2026-09-15
MOV-00119,2026-01-01,2026-01-05,,Entrada,Receita de serviços,Comercial,Entidade 014,PIX,Vencido,1242.92,0.0,Base sintética,2026-09-15
MOV-00120,2025-07-01,2025-07-28,2025-07-26,Saída,Tecnologia,Tecnologia,Entidade 013,Transferência,Pago no prazo,3079.25,3084.03,Base sintética,2026-09-15
MOV-00121,2025-09-01,2025-09-30,2025-09-24,Entrada,Vendas,Administrativo,Entidade 019,Boleto,Pago no prazo,10109.73,10079.98,Base sintética,2026-09-15
MOV-00122,2025-10-01,2025-10-19,2025-10-17,Entrada,Rendimentos,Comercial,Entidade 022,PIX,Pago no prazo,4284.08,4288.24,Base sintética,2026-09-15
MOV-00123,2026-05-01,2026-05-03,2026-05-15,Saída,Tecnologia,Administrativo,Entidade 029,Boleto,Pago em atraso,30227.31,30319.92,Base sintética,2026-09-15
MOV-00124,2025-02-01,2025-02-17,,Saída,Fornecedores,Administrativo,Entidade 045,PIX,Vencido,511.09,0.0,Base sintética,2026-09-15
MOV-00125,2025-06-01,2025-06-28,2025-06-18,Entrada,Rendimentos,Comercial,Entidade 067,PIX,Pago no prazo,11938.08,11993.37,Base sintética,2026-09-15
MOV-00126,2026-01-01,2026-01-18,2026-01-18,Entrada,Receita de serviços,Financeiro,Entidade 067,Transferência,Pago no prazo,12494.01,12338.09,Base sintética,2026-09-15
MOV-00127,2026-05-01,2026-05-25,2026-05-21,Entrada,Receita de serviços,Operações,Entidade 081,Cartão,Pago no prazo,3130.95,3145.97,Base sintética,2026-09-15
MOV-00128,2025-08-01,2025-08-20,2025-08-17,Entrada,Rendimentos,Administrativo,Entidade 052,PIX,Pago no prazo,11508.95,11395.96,Base sintética,2026-09-15
MOV-00129,2025-08-01,2025-08-25,2025-08-22,Entrada,Rendimentos,Comercial,Entidade 021,Cartão,Pago no prazo,11202.79,11294.9,Base sintética,2026-09-15
MOV-00130,2026-04-01,2026-04-29,2026-04-20,Saída,Impostos,Tecnologia,Entidade 039,Boleto,Pago no prazo,2152.34,2137.15,Base sintética,2026-09-15
MOV-00131,2026-07-01,2026-07-21,2026-07-12,Entrada,Rendimentos,Financeiro,Entidade 019,Cartão,Pago no prazo,8056.68,8095.35,Base sintética,2026-09-15
MOV-00132,2026-03-01,2026-03-31,2026-03-28,Entrada,Receita de serviços,Financeiro,Entidade 073,PIX,Pago no prazo,11682.59,11556.57,Base sintética,2026-09-15
MOV-00133,2026-08-01,2026-08-23,2026-08-17,Saída,Infraestrutura,Financeiro,Entidade 053,Transferência,Pago no prazo,5451.79,5488.21,Base sintética,2026-09-15
MOV-00134,2025-10-01,2025-10-30,2025-11-11,Saída,Impostos,Financeiro,Entidade 069,Boleto,Pago em atraso,12346.15,12443.18,Base sintética,2026-09-15
MOV-00135,2025-10-01,2025-10-22,2025-10-18,Entrada,Aporte,Tecnologia,Entidade 028,Cartão,Pago no prazo,8695.53,8737.88,Base sintética,2026-09-15
MOV-00136,2025-10-01,2025-10-29,2025-10-22,Saída,Logística,Administrativo,Entidade 002,PIX,Pago no prazo,3875.08,3862.44,Base sintética,2026-09-15
MOV-00137,2026-07-01,2026-07-18,2026-07-14,Saída,Folha,Operações,Entidade 083,PIX,Pago no prazo,14054.97,14008.85,Base sintética,2026-09-15
MOV-00138,2026-01-01,2026-01-31,2026-01-25,Entrada,Vendas,Financeiro,Entidade 074,Boleto,Pago no prazo,7217.42,7169.35,Base sintética,2026-09-15
MOV-00139,2025-11-01,2025-11-05,2025-10-31,Entrada,Receita de serviços,Operações,Entidade 082,Transferência,Pago no prazo,15619.31,15462.69,Base sintética,2026-09-15
MOV-00140,2025-03-01,2025-03-15,2025-03-07,Entrada,Aporte,Tecnologia,Entidade 001,PIX,Pago no prazo,12011.61,11950.47,Base sintética,2026-09-15
MOV-00141,2025-08-01,2025-08-06,,Entrada,Rendimentos,Administrativo,Entidade 038,PIX,Vencido,1536.97,0.0,Base sintética,2026-09-15
MOV-00142,2026-01-01,2026-01-10,2026-01-06,Entrada,Rendimentos,Tecnologia,Entidade 080,Transferência,Pago no prazo,26227.19,25884.51,Base sintética,2026-09-15
MOV-00143,2025-09-01,2025-09-21,2025-09-15,Saída,Infraestrutura,Administrativo,Entidade 002,Boleto,Pago no prazo,7196.62,7221.97,Base sintética,2026-09-15
MOV-00144,2026-08-01,2026-08-30,2026-08-27,Entrada,Vendas,Comercial,Entidade 013,Boleto,Pago no prazo,4653.53,4659.42,Base sintética,2026-09-15
MOV-00145,2026-06-01,2026-06-04,2026-06-20,Saída,Tecnologia,Tecnologia,Entidade 040,Transferência,Pago em atraso,6651.08,6604.74,Base sintética,2026-09-15
MOV-00146,2025-07-01,2025-07-29,2025-07-29,Saída,Impostos,Operações,Entidade 016,Boleto,Pago no prazo,37542.77,37543.34,Base sintética,2026-09-15
MOV-00147,2025-02-01,2025-02-27,2025-02-23,Entrada,Aporte,Comercial,Entidade 084,Cartão,Pago no prazo,13581.7,13604.24,Base sintética,2026-09-15
MOV-00148,2025-10-01,2025-10-18,,Saída,Infraestrutura,Comercial,Entidade 038,PIX,Vencido,667.58,0.0,Base sintética,2026-09-15
MOV-00149,2026-07-01,2026-07-08,2026-07-01,Entrada,Vendas,Administrativo,Entidade 036,Boleto,Pago no prazo,47022.59,47396.69,Base sintética,2026-09-15
MOV-00150,2026-03-01,2026-03-30,2026-03-23,Saída,Tecnologia,Financeiro,Entidade 074,Boleto,Pago no prazo,12627.62,12682.18,Base sintética,2026-09-15
MOV-00151,2026-03-01,2026-03-16,2026-03-08,Entrada,Vendas,Operações,Entidade 049,Transferência,Pago no prazo,5462.07,5443.93,Base sintética,2026-09-15
MOV-00152,2025-12-01,2025-12-01,2025-11-26,Saída,Folha,Tecnologia,Entidade 005,PIX,Pago no prazo,12021.73,11919.67,Base sintética,2026-09-15
MOV-00153,2025-01-01,2025-01-23,2025-01-16,Entrada,Rendimentos,Financeiro,Entidade 024,Transferência,Pago no prazo,7403.17,7432.09,Base sintética,2026-09-15
MOV-00154,2025-02-01,2025-02-03,2025-01-25,Entrada,Rendimentos,Administrativo,Entidade 010,PIX,Pago no prazo,7827.45,7826.13,Base sintética,2026-09-15
MOV-00155,2026-05-01,2026-05-23,2026-05-15,Entrada,Vendas,Administrativo,Entidade 063,Transferência,Pago no prazo,12299.45,12231.83,Base sintética,2026-09-15
MOV-00156,2025-06-01,2025-06-08,2025-06-04,Entrada,Vendas,Tecnologia,Entidade 040,PIX,Pago no prazo,2498.62,2515.89,Base sintética,2026-09-15
MOV-00157,2025-04-01,2025-04-03,2025-03-28,Saída,Logística,Comercial,Entidade 072,Transferência,Pago no prazo,6809.26,6813.4,Base sintética,2026-09-15
MOV-00158,2025-04-01,2025-04-07,2025-03-30,Entrada,Aporte,Administrativo,Entidade 001,Boleto,Pago no prazo,11693.9,11581.26,Base sintética,2026-09-15
MOV-00159,2025-08-01,2025-08-22,2025-08-15,Entrada,Aporte,Administrativo,Entidade 041,PIX,Pago no prazo,11132.01,11234.87,Base sintética,2026-09-15
MOV-00160,2025-08-01,2025-08-23,2025-08-17,Saída,Logística,Tecnologia,Entidade 016,Transferência,Pago no prazo,13036.69,12895.54,Base sintética,2026-09-15
MOV-00161,2025-06-01,2025-06-15,2025-06-27,Saída,Marketing,Administrativo,Entidade 010,Cartão,Pago em atraso,24625.46,24344.65,Base sintética,2026-09-15
MOV-00162,2026-05-01,2026-05-29,2026-05-26,Saída,Impostos,Operações,Entidade 020,PIX,Pago no prazo,8847.95,8809.29,Base sintética,2026-09-15
MOV-00163,2025-01-01,2025-01-29,2025-01-29,Saída,Tecnologia,Operações,Entidade 068,PIX,Pago no prazo,8036.69,8070.75,Base sintética,2026-09-15
MOV-00164,2026-04-01,2026-04-27,2026-04-28,Saída,Impostos,Comercial,Entidade 002,Transferência,Pago em atraso,8926.47,8856.84,Base sintética,2026-09-15
MOV-00165,2026-06-01,2026-06-22,2026-06-12,Entrada,Rendimentos,Operações,Entidade 079,Cartão,Pago no prazo,8282.87,8198.84,Base sintética,2026-09-15
MOV-00166,2026-07-01,2026-07-01,2026-07-01,Saída,Logística,Administrativo,Entidade 013,Transferência,Pago no prazo,5328.87,5330.64,Base sintética,2026-09-15
MOV-00167,2025-11-01,2025-11-10,2025-11-30,Entrada,Vendas,Comercial,Entidade 083,PIX,Pago em atraso,11100.76,11015.24,Base sintética,2026-09-15
MOV-00168,2025-09-01,2025-09-16,2025-09-07,Entrada,Rendimentos,Comercial,Entidade 032,Transferência,Pago no prazo,7265.8,7329.3,Base sintética,2026-09-15
MOV-00169,2025-04-01,2025-04-01,2025-03-28,Entrada,Aporte,Financeiro,Entidade 055,Cartão,Pago no prazo,5483.53,5450.24,Base sintética,2026-09-15
MOV-00170,2025-11-01,2025-11-04,2025-10-26,Saída,Logística,Operações,Entidade 085,Boleto,Pago no prazo,5141.99,5122.59,Base sintética,2026-09-15
MOV-00171,2025-03-01,2025-03-04,2025-03-01,Saída,Tecnologia,Operações,Entidade 050,Boleto,Pago no prazo,40129.41,40003.91,Base sintética,2026-09-15
MOV-00172,2025-08-01,2025-08-17,2025-08-24,Saída,Impostos,Financeiro,Entidade 024,PIX,Pago em atraso,10755.49,10826.19,Base sintética,2026-09-15
MOV-00173,2025-04-01,2025-04-24,2025-04-21,Entrada,Aporte,Financeiro,Entidade 060,Boleto,Pago no prazo,13827.82,13668.78,Base sintética,2026-09-15
MOV-00174,2025-09-01,2025-09-14,2025-09-10,Saída,Fornecedores,Operações,Entidade 034,Cartão,Pago no prazo,5169.14,5107.97,Base sintética,2026-09-15
MOV-00175,2025-07-01,2025-07-25,2025-07-24,Saída,Infraestrutura,Administrativo,Entidade 046,Transferência,Pago no prazo,4101.15,4084.05,Base sintética,2026-09-15
MOV-00176,2026-07-01,2026-07-14,2026-07-10,Entrada,Rendimentos,Administrativo,Entidade 056,Transferência,Pago no prazo,10165.64,10230.04,Base sintética,2026-09-15
MOV-00177,2025-11-01,2025-11-12,2025-11-06,Saída,Infraestrutura,Administrativo,Entidade 046,Boleto,Pago no prazo,13812.79,13674.66,Base sintética,2026-09-15
MOV-00178,2026-08-01,2026-08-26,,Entrada,Rendimentos,Operações,Entidade 014,PIX,Vencido,425.33,0.0,Base sintética,2026-09-15
MOV-00179,2025-10-01,2025-10-18,2025-10-10,Entrada,Receita de serviços,Operações,Entidade 042,Cartão,Pago no prazo,5069.03,5057.48,Base sintética,2026-09-15
MOV-00180,2026-05-01,2026-05-22,,Saída,Tecnologia,Administrativo,Entidade 055,Boleto,Vencido,634.73,0.0,Base sintética,2026-09-15
MOV-00181,2025-02-01,2025-02-06,2025-02-04,Saída,Folha,Operações,Entidade 073,Boleto,Pago no prazo,7993.29,7903.62,Base sintética,2026-09-15
MOV-00182,2025-11-01,2025-11-03,2025-10-24,Saída,Logística,Administrativo,Entidade 054,Cartão,Pago no prazo,19996.4,19943.47,Base sintética,2026-09-15
MOV-00183,2025-11-01,2025-11-23,2025-11-27,Saída,Infraestrutura,Comercial,Entidade 047,PIX,Pago em atraso,15308.22,15260.43,Base sintética,2026-09-15
MOV-00184,2026-05-01,2026-05-24,2026-05-18,Entrada,Rendimentos,Operações,Entidade 083,Cartão,Pago no prazo,3245.53,3203.19,Base sintética,2026-09-15
MOV-00185,2026-03-01,2026-03-13,2026-03-05,Saída,Marketing,Tecnologia,Entidade 053,Transferência,Pago no prazo,2662.75,2663.07,Base sintética,2026-09-15
MOV-00186,2026-07-01,2026-07-19,2026-07-17,Entrada,Vendas,Comercial,Entidade 041,Boleto,Pago no prazo,9796.32,9718.92,Base sintética,2026-09-15
MOV-00187,2025-04-01,2025-04-28,2025-04-26,Entrada,Vendas,Comercial,Entidade 069,Cartão,Pago no prazo,27483.49,27299.65,Base sintética,2026-09-15
MOV-00188,2025-09-01,2025-09-06,2025-09-01,Saída,Infraestrutura,Comercial,Entidade 080,Transferência,Pago no prazo,13551.5,13457.65,Base sintética,2026-09-15
MOV-00189,2026-03-01,2026-03-04,2026-03-02,Entrada,Rendimentos,Comercial,Entidade 079,PIX,Pago no prazo,6435.13,6355.75,Base sintética,2026-09-15
MOV-00190,2025-03-01,2025-03-17,2025-03-08,Saída,Impostos,Financeiro,Entidade 058,Cartão,Pago no prazo,1482.4,1480.21,Base sintética,2026-09-15
MOV-00191,2025-06-01,2025-06-05,2025-06-02,Saída,Impostos,Administrativo,Entidade 011,Boleto,Pago no prazo,15776.12,15871.28,Base sintética,2026-09-15
MOV-00192,2025-08-01,2025-08-18,2025-08-16,Saída,Fornecedores,Administrativo,Entidade 068,Transferência,Pago no prazo,10655.76,10628.29,Base sintética,2026-09-15
MOV-00193,2025-03-01,2025-03-18,2025-03-18,Entrada,Aporte,Comercial,Entidade 076,Boleto,Pago no prazo,6311.18,6337.19,Base sintética,2026-09-15
MOV-00194,2025-05-01,2025-05-19,2025-05-13,Saída,Tecnologia,Comercial,Entidade 049,PIX,Pago no prazo,6648.53,6592.46,Base sintética,2026-09-15
MOV-00195,2026-02-01,2026-02-19,2026-03-06,Entrada,Aporte,Financeiro,Entidade 022,Transferência,Pago em atraso,3830.35,3795.05,Base sintética,2026-09-15
MOV-00196,2026-03-01,2026-03-07,2026-03-05,Entrada,Rendimentos,Administrativo,Entidade 080,Boleto,Pago no prazo,2425.79,2438.62,Base sintética,2026-09-15
MOV-00197,2026-07-01,2026-07-29,2026-07-29,Saída,Fornecedores,Operações,Entidade 075,Transferência,Pago no prazo,22400.19,22618.58,Base sintética,2026-09-15
MOV-00198,2025-12-01,2025-12-05,2025-12-05,Saída,Fornecedores,Comercial,Entidade 053,Transferência,Pago no prazo,4147.56,4184.17,Base sintética,2026-09-15
MOV-00199,2026-06-01,2026-06-20,2026-06-28,Entrada,Aporte,Tecnologia,Entidade 044,Transferência,Pago em atraso,32065.75,32354.84,Base sintética,2026-09-15
MOV-00200,2026-03-01,2026-03-05,2026-02-25,Saída,Marketing,Comercial,Entidade 067,Boleto,Pago no prazo,2594.64,2584.69,Base sintética,2026-09-15
MOV-00201,2025-02-01,2025-02-07,2025-02-09,Entrada,Rendimentos,Operações,Entidade 045,PIX,Pago em atraso,14101.03,14010.62,Base sintética,2026-09-15
MOV-00202,2025-08-01,2025-08-06,2025-07-27,Entrada,Rendimentos,Administrativo,Entidade 085,Boleto,Pago no prazo,8721.27,8799.16,Base sintética,2026-09-15
MOV-00203,2026-04-01,2026-04-02,2026-03-29,Entrada,Rendimentos,Administrativo,Entidade 044,Boleto,Pago no prazo,5055.06,5024.23,Base sintética,2026-09-15
MOV-00204,2025-04-01,2025-04-15,2025-04-08,Entrada,Receita de serviços,Operações,Entidade 023,Transferência,Pago no prazo,28373.18,28129.1,Base sintética,2026-09-15
MOV-00205,2026-06-01,2026-06-02,,Entrada,Vendas,Administrativo,Entidade 045,Cartão,Vencido,411.3,0.0,Base sintética,2026-09-15
MOV-00206,2025-09-01,2025-09-30,,Entrada,Vendas,Operações,Entidade 026,Boleto,Vencido,467.93,0.0,Base sintética,2026-09-15
MOV-00207,2025-03-01,2025-03-15,2025-03-29,Saída,Impostos,Operações,Entidade 070,Transferência,Pago em atraso,4728.0,4684.96,Base sintética,2026-09-15
MOV-00208,2025-04-01,2025-04-19,2025-04-18,Entrada,Receita de serviços,Tecnologia,Entidade 006,Cartão,Pago no prazo,7654.01,7719.87,Base sintética,2026-09-15
MOV-00209,2026-02-01,2026-02-19,2026-02-14,Saída,Logística,Comercial,Entidade 080,PIX,Pago no prazo,2018.84,1992.75,Base sintética,2026-09-15
MOV-00210,2025-05-01,2025-05-24,2025-05-17,Entrada,Receita de serviços,Tecnologia,Entidade 059,Boleto,Pago no prazo,24303.99,24457.8,Base sintética,2026-09-15
MOV-00211,2026-01-01,2026-01-27,2026-01-18,Saída,Tecnologia,Financeiro,Entidade 042,Cartão,Pago no prazo,7261.44,7167.8,Base sintética,2026-09-15
MOV-00212,2025-01-01,2025-01-09,2025-01-03,Entrada,Receita de serviços,Comercial,Entidade 012,Transferência,Pago no prazo,7939.29,7997.31,Base sintética,2026-09-15
MOV-00213,2025-04-01,2025-04-23,2025-04-20,Entrada,Aporte,Tecnologia,Entidade 004,Cartão,Pago no prazo,25876.85,26116.8,Base sintética,2026-09-15
MOV-00214,2026-02-01,2026-02-03,,Entrada,Vendas,Operações,Entidade 019,PIX,Vencido,1807.64,0.0,Base sintética,2026-09-15
MOV-00215,2026-01-01,2026-01-04,2025-12-30,Saída,Tecnologia,Operações,Entidade 077,Boleto,Pago no prazo,8874.12,8889.87,Base sintética,2026-09-15
MOV-00216,2025-01-01,2025-01-21,2025-01-17,Entrada,Receita de serviços,Financeiro,Entidade 042,PIX,Pago no prazo,9109.37,8986.4,Base sintética,2026-09-15
MOV-00217,2025-06-01,2025-06-10,2025-06-04,Saída,Tecnologia,Comercial,Entidade 028,PIX,Pago no prazo,3737.4,3718.36,Base sintética,2026-09-15
MOV-00218,2026-04-01,2026-04-05,2026-04-03,Entrada,Rendimentos,Financeiro,Entidade 034,Cartão,Pago no prazo,3946.84,3948.85,Base sintética,2026-09-15
MOV-00219,2026-02-01,2026-02-17,,Entrada,Vendas,Administrativo,Entidade 068,Transferência,Vencido,233.4,0.0,Base sintética,2026-09-15
MOV-00220,2026-08-01,2026-08-04,2026-08-01,Saída,Tecnologia,Operações,Entidade 046,Transferência,Pago no prazo,21029.38,21132.4,Base sintética,2026-09-15
MOV-00221,2026-02-01,2026-02-27,2026-02-25,Entrada,Aporte,Administrativo,Entidade 015,Cartão,Pago no prazo,3304.39,3296.13,Base sintética,2026-09-15
MOV-00222,2025-10-01,2025-10-08,2025-09-29,Saída,Marketing,Administrativo,Entidade 007,Transferência,Pago no prazo,7008.49,6960.17,Base sintética,2026-09-15
MOV-00223,2026-06-01,2026-06-02,2026-06-01,Saída,Marketing,Comercial,Entidade 023,Boleto,Pago no prazo,5567.23,5507.83,Base sintética,2026-09-15
MOV-00224,2025-10-01,2025-10-23,2025-10-20,Entrada,Vendas,Financeiro,Entidade 066,Cartão,Pago no prazo,7288.44,7199.49,Base sintética,2026-09-15
MOV-00225,2026-03-01,2026-03-29,2026-03-24,Entrada,Receita de serviços,Administrativo,Entidade 080,Boleto,Pago no prazo,3002.56,3017.41,Base sintética,2026-09-15
MOV-00226,2025-11-01,2025-11-08,2025-11-05,Saída,Infraestrutura,Comercial,Entidade 021,Boleto,Pago no prazo,6119.78,6162.36,Base sintética,2026-09-15
MOV-00227,2026-08-01,2026-08-27,,Entrada,Receita de serviços,Comercial,Entidade 033,Boleto,Vencido,1171.46,0.0,Base sintética,2026-09-15
MOV-00228,2026-08-01,2026-08-07,2026-08-04,Saída,Folha,Administrativo,Entidade 049,PIX,Pago no prazo,4512.48,4508.27,Base sintética,2026-09-15
MOV-00229,2025-07-01,2025-07-23,2025-07-14,Saída,Impostos,Tecnologia,Entidade 025,Boleto,Pago no prazo,7682.79,7654.71,Base sintética,2026-09-15
MOV-00230,2025-10-01,2025-10-10,2025-10-06,Entrada,Receita de serviços,Administrativo,Entidade 027,Transferência,Pago no prazo,5487.0,5527.06,Base sintética,2026-09-15
MOV-00231,2025-04-01,2025-04-09,2025-04-04,Entrada,Receita de serviços,Operações,Entidade 064,Boleto,Pago no prazo,7340.98,7404.93,Base sintética,2026-09-15
MOV-00232,2025-05-01,2025-05-04,2025-04-24,Entrada,Aporte,Financeiro,Entidade 068,Transferência,Pago no prazo,5647.29,5583.38,Base sintética,2026-09-15
MOV-00233,2025-09-01,2025-09-09,,Saída,Fornecedores,Operações,Entidade 062,Boleto,Vencido,639.19,0.0,Base sintética,2026-09-15
MOV-00234,2026-07-01,2026-07-08,2026-06-29,Entrada,Vendas,Financeiro,Entidade 069,Transferência,Pago no prazo,9713.16,9569.62,Base sintética,2026-09-15
MOV-00235,2025-01-01,2025-01-02,2024-12-27,Entrada,Vendas,Comercial,Entidade 064,Boleto,Pago no prazo,5537.98,5592.57,Base sintética,2026-09-15
MOV-00236,2025-02-01,2025-02-11,2025-02-02,Saída,Folha,Comercial,Entidade 010,Cartão,Pago no prazo,4997.73,5021.45,Base sintética,2026-09-15
MOV-00237,2026-08-01,2026-08-20,2026-08-19,Saída,Folha,Administrativo,Entidade 012,PIX,Pago no prazo,28252.62,28346.08,Base sintética,2026-09-15
MOV-00238,2025-11-01,2025-11-15,2025-11-06,Saída,Fornecedores,Tecnologia,Entidade 007,Transferência,Pago no prazo,3273.5,3257.75,Base sintética,2026-09-15
MOV-00239,2026-01-01,2026-01-16,2026-01-14,Saída,Impostos,Financeiro,Entidade 045,Boleto,Pago no prazo,7375.71,7325.16,Base sintética,2026-09-15
MOV-00240,2025-05-01,2025-05-28,2025-05-26,Saída,Tecnologia,Tecnologia,Entidade 042,Boleto,Pago no prazo,11288.32,11371.83,Base sintética,2026-09-15
MOV-00241,2025-03-01,2025-03-05,2025-02-24,Saída,Fornecedores,Financeiro,Entidade 067,Boleto,Pago no prazo,8917.48,8793.58,Base sintética,2026-09-15
MOV-00242,2026-03-01,2026-03-21,2026-03-12,Saída,Logística,Financeiro,Entidade 065,PIX,Pago no prazo,26809.97,26963.51,Base sintética,2026-09-15
MOV-00243,2025-12-01,2025-12-19,2025-12-23,Entrada,Rendimentos,Tecnologia,Entidade 018,PIX,Pago em atraso,6838.98,6868.84,Base sintética,2026-09-15
MOV-00244,2025-11-01,2025-11-16,2025-11-14,Entrada,Aporte,Financeiro,Entidade 017,Boleto,Pago no prazo,9309.58,9228.05,Base sintética,2026-09-15
MOV-00245,2026-04-01,2026-04-01,2026-03-24,Entrada,Rendimentos,Tecnologia,Entidade 060,Cartão,Pago no prazo,19927.94,19814.26,Base sintética,2026-09-15
MOV-00246,2025-01-01,2025-01-26,2025-01-22,Saída,Folha,Comercial,Entidade 041,Boleto,Pago no prazo,5257.22,5280.23,Base sintética,2026-09-15
MOV-00247,2026-05-01,2026-05-11,2026-05-03,Entrada,Vendas,Financeiro,Entidade 084,PIX,Pago no prazo,17677.46,17526.87,Base sintética,2026-09-15
MOV-00248,2026-03-01,2026-03-19,2026-03-17,Saída,Impostos,Comercial,Entidade 019,PIX,Pago no prazo,17372.34,17242.34,Base sintética,2026-09-15
MOV-00249,2025-07-01,2025-07-23,2025-07-20,Entrada,Receita de serviços,Tecnologia,Entidade 013,Cartão,Pago no prazo,6914.14,6979.13,Base sintética,2026-09-15
MOV-00250,2025-05-01,2025-05-30,2025-05-25,Saída,Logística,Comercial,Entidade 055,Boleto,Pago no prazo,4540.73,4488.76,Base sintética,2026-09-15
MOV-00251,2026-01-01,2026-01-07,,Entrada,Receita de serviços,Operações,Entidade 001,Boleto,Vencido,728.87,0.0,Base sintética,2026-09-15
MOV-00252,2025-03-01,2025-03-17,2025-03-28,Entrada,Receita de serviços,Financeiro,Entidade 082,Cartão,Pago em atraso,4567.87,4520.77,Base sintética,2026-09-15
MOV-00253,2026-01-01,2026-01-13,2026-01-06,Saída,Marketing,Comercial,Entidade 055,Cartão,Pago no prazo,5104.99,5079.58,Base sintética,2026-09-15
MOV-00254,2025-10-01,2025-10-11,2025-10-04,Entrada,Aporte,Tecnologia,Entidade 085,Cartão,Pago no prazo,32325.78,32070.6,Base sintética,2026-09-15
MOV-00255,2025-12-01,2025-12-15,2025-12-06,Entrada,Aporte,Administrativo,Entidade 073,PIX,Pago no prazo,18437.06,18527.33,Base sintética,2026-09-15
MOV-00256,2025-11-01,2025-11-20,2025-11-10,Saída,Logística,Comercial,Entidade 070,PIX,Pago no prazo,4361.53,4298.44,Base sintética,2026-09-15
MOV-00257,2026-07-01,2026-07-07,2026-06-28,Entrada,Vendas,Tecnologia,Entidade 064,Cartão,Pago no prazo,10232.92,10204.96,Base sintética,2026-09-15
MOV-00258,2026-04-01,2026-04-12,2026-04-03,Saída,Infraestrutura,Financeiro,Entidade 044,PIX,Pago no prazo,6152.52,6108.91,Base sintética,2026-09-15
MOV-00259,2025-06-01,2025-06-17,2025-06-14,Saída,Logística,Tecnologia,Entidade 041,Transferência,Pago no prazo,8589.28,8502.01,Base sintética,2026-09-15
MOV-00260,2025-02-01,2025-02-05,2025-01-28,Saída,Tecnologia,Administrativo,Entidade 080,Cartão,Pago no prazo,3243.44,3261.32,Base sintética,2026-09-15
MOV-00261,2026-04-01,2026-04-07,2026-04-05,Entrada,Rendimentos,Operações,Entidade 039,Boleto,Pago no prazo,16822.86,16885.6,Base sintética,2026-09-15
MOV-00262,2025-04-01,2025-04-17,2025-04-17,Saída,Marketing,Tecnologia,Entidade 006,Cartão,Pago no prazo,2683.39,2675.64,Base sintética,2026-09-15
MOV-00263,2026-06-01,2026-06-25,2026-06-16,Entrada,Aporte,Tecnologia,Entidade 030,Cartão,Pago no prazo,4912.28,4891.75,Base sintética,2026-09-15
MOV-00264,2026-05-01,2026-05-10,2026-04-30,Saída,Infraestrutura,Operações,Entidade 013,PIX,Pago no prazo,3797.44,3823.78,Base sintética,2026-09-15
MOV-00265,2026-07-01,2026-07-15,2026-07-28,Entrada,Receita de serviços,Administrativo,Entidade 074,Cartão,Pago em atraso,6327.76,6307.99,Base sintética,2026-09-15
MOV-00266,2025-04-01,2025-04-03,2025-03-29,Entrada,Vendas,Financeiro,Entidade 021,Transferência,Pago no prazo,18320.43,18446.01,Base sintética,2026-09-15
MOV-00267,2026-02-01,2026-02-25,2026-02-22,Entrada,Vendas,Financeiro,Entidade 072,Transferência,Pago no prazo,4138.35,4153.57,Base sintética,2026-09-15
MOV-00268,2026-08-01,2026-08-20,2026-08-16,Saída,Logística,Administrativo,Entidade 074,Cartão,Pago no prazo,5505.07,5509.42,Base sintética,2026-09-15
MOV-00269,2025-04-01,2025-04-14,2025-04-11,Entrada,Rendimentos,Tecnologia,Entidade 085,Boleto,Pago no prazo,27919.98,27580.77,Base sintética,2026-09-15
MOV-00270,2025-03-01,2025-03-31,2025-03-28,Entrada,Receita de serviços,Financeiro,Entidade 080,Transferência,Pago no prazo,4357.74,4324.55,Base sintética,2026-09-15
MOV-00271,2026-08-01,2026-08-17,2026-08-12,Saída,Logística,Administrativo,Entidade 080,Boleto,Pago no prazo,25620.13,25576.34,Base sintética,2026-09-15
MOV-00272,2025-01-01,2025-01-26,2025-02-05,Entrada,Vendas,Comercial,Entidade 069,Transferência,Pago em atraso,6905.4,6866.97,Base sintética,2026-09-15
MOV-00273,2025-11-01,2025-11-27,2025-12-06,Saída,Impostos,Operações,Entidade 061,Boleto,Pago em atraso,4915.38,4882.25,Base sintética,2026-09-15
MOV-00274,2026-04-01,2026-04-18,2026-05-08,Saída,Logística,Tecnologia,Entidade 030,PIX,Pago em atraso,8458.57,8337.15,Base sintética,2026-09-15
MOV-00275,2025-03-01,2025-03-11,2025-03-26,Saída,Infraestrutura,Comercial,Entidade 084,Transferência,Pago em atraso,3567.37,3552.53,Base sintética,2026-09-15
MOV-00276,2025-06-01,2025-06-27,2025-06-24,Entrada,Vendas,Tecnologia,Entidade 008,PIX,Pago no prazo,4929.17,4879.02,Base sintética,2026-09-15
MOV-00277,2025-03-01,2025-03-26,2025-03-19,Entrada,Receita de serviços,Tecnologia,Entidade 047,Boleto,Pago no prazo,6003.29,5951.1,Base sintética,2026-09-15
MOV-00278,2025-07-01,2025-07-07,2025-07-07,Entrada,Aporte,Comercial,Entidade 017,Boleto,Pago no prazo,16628.72,16568.48,Base sintética,2026-09-15
MOV-00279,2026-07-01,2026-07-10,2026-07-10,Saída,Marketing,Financeiro,Entidade 014,Cartão,Pago no prazo,3415.28,3411.71,Base sintética,2026-09-15
MOV-00280,2026-02-01,2026-02-26,2026-02-20,Saída,Marketing,Financeiro,Entidade 002,PIX,Pago no prazo,26555.08,26589.39,Base sintética,2026-09-15
MOV-00281,2026-05-01,2026-05-02,2026-04-26,Saída,Logística,Comercial,Entidade 047,Boleto,Pago no prazo,9074.56,9047.65,Base sintética,2026-09-15
MOV-00282,2025-06-01,2025-06-03,2025-05-29,Saída,Impostos,Operações,Entidade 035,Cartão,Pago no prazo,2269.76,2282.01,Base sintética,2026-09-15
MOV-00283,2025-10-01,2025-10-07,2025-09-28,Saída,Infraestrutura,Administrativo,Entidade 014,Boleto,Pago no prazo,11812.79,11776.18,Base sintética,2026-09-15
MOV-00284,2025-03-01,2025-03-02,2025-02-21,Saída,Tecnologia,Administrativo,Entidade 039,Transferência,Pago no prazo,14612.8,14553.85,Base sintética,2026-09-15
MOV-00285,2025-08-01,2025-08-02,2025-07-30,Entrada,Aporte,Comercial,Entidade 023,Boleto,Pago no prazo,15881.04,15792.09,Base sintética,2026-09-15
MOV-00286,2026-06-01,2026-06-03,2026-06-03,Entrada,Rendimentos,Operações,Entidade 003,PIX,Pago no prazo,12480.31,12420.39,Base sintética,2026-09-15
MOV-00287,2026-02-01,2026-02-18,2026-02-11,Saída,Marketing,Administrativo,Entidade 069,Boleto,Pago no prazo,13331.86,13445.57,Base sintética,2026-09-15
MOV-00288,2026-07-01,2026-07-25,2026-07-16,Entrada,Aporte,Administrativo,Entidade 009,Cartão,Pago no prazo,15090.29,15076.87,Base sintética,2026-09-15
MOV-00289,2025-06-01,2025-06-22,2025-06-14,Saída,Impostos,Tecnologia,Entidade 049,Boleto,Pago no prazo,7918.42,7985.4,Base sintética,2026-09-15
MOV-00290,2025-09-01,2025-09-07,2025-09-04,Saída,Logística,Tecnologia,Entidade 002,PIX,Pago no prazo,16755.72,16892.9,Base sintética,2026-09-15
MOV-00291,2025-11-01,2025-11-24,2025-11-16,Saída,Impostos,Comercial,Entidade 046,Boleto,Pago no prazo,2543.49,2539.52,Base sintética,2026-09-15
MOV-00292,2025-07-01,2025-07-19,,Saída,Impostos,Operações,Entidade 040,Transferência,Vencido,517.59,0.0,Base sintética,2026-09-15
MOV-00293,2026-06-01,2026-06-02,2026-05-27,Saída,Impostos,Operações,Entidade 032,Cartão,Pago no prazo,35719.56,35744.84,Base sintética,2026-09-15
MOV-00294,2025-06-01,2025-06-05,2025-06-02,Entrada,Receita de serviços,Tecnologia,Entidade 073,Transferência,Pago no prazo,15863.18,15885.59,Base sintética,2026-09-15
MOV-00295,2025-11-01,2025-11-22,2025-11-16,Entrada,Receita de serviços,Operações,Entidade 056,Transferência,Pago no prazo,3070.71,3058.95,Base sintética,2026-09-15
MOV-00296,2025-05-01,2025-05-27,2025-05-22,Entrada,Vendas,Financeiro,Entidade 009,Boleto,Pago no prazo,10404.41,10487.16,Base sintética,2026-09-15
MOV-00297,2026-08-01,2026-08-17,2026-08-11,Saída,Marketing,Operações,Entidade 060,Boleto,Pago no prazo,4330.52,4363.69,Base sintética,2026-09-15
MOV-00298,2025-12-01,2025-12-04,2025-11-24,Entrada,Receita de serviços,Comercial,Entidade 044,Boleto,Pago no prazo,14809.11,14672.64,Base sintética,2026-09-15
MOV-00299,2025-03-01,2025-03-20,,Saída,Infraestrutura,Administrativo,Entidade 077,Boleto,Vencido,698.95,0.0,Base sintética,2026-09-15
MOV-00300,2026-08-01,2026-08-19,2026-08-17,Saída,Fornecedores,Operações,Entidade 042,Cartão,Pago no prazo,10616.36,10659.66,Base sintética,2026-09-15
MOV-00301,2026-06-01,2026-06-09,2026-06-05,Entrada,Aporte,Tecnologia,Entidade 073,Transferência,Pago no prazo,9760.92,9722.21,Base sintética,2026-09-15
MOV-00302,2026-04-01,2026-04-18,,Entrada,Aporte,Financeiro,Entidade 021,Transferência,Vencido,455.64,0.0,Base sintética,2026-09-15
MOV-00303,2025-12-01,2025-12-09,2025-12-09,Entrada,Vendas,Tecnologia,Entidade 006,PIX,Pago no prazo,4993.78,4930.45,Base sintética,2026-09-15
MOV-00304,2026-06-01,2026-06-22,,Entrada,Receita de serviços,Tecnologia,Entidade 013,Boleto,Vencido,623.84,0.0,Base sintética,2026-09-15
MOV-00305,2025-08-01,2025-08-16,2025-09-04,Saída,Tecnologia,Financeiro,Entidade 069,Cartão,Pago em atraso,11048.83,11070.74,Base sintética,2026-09-15
MOV-00306,2025-11-01,2025-11-20,2025-11-16,Saída,Infraestrutura,Comercial,Entidade 043,Boleto,Pago no prazo,10241.67,10150.37,Base sintética,2026-09-15
MOV-00307,2026-05-01,2026-05-13,2026-05-25,Saída,Folha,Financeiro,Entidade 006,PIX,Pago em atraso,12335.7,12354.96,Base sintética,2026-09-15
MOV-00308,2026-02-01,2026-02-14,2026-02-05,Entrada,Vendas,Operações,Entidade 050,Cartão,Pago no prazo,3475.71,3444.43,Base sintética,2026-09-15
MOV-00309,2025-05-01,2025-05-21,2025-06-07,Entrada,Vendas,Tecnologia,Entidade 014,PIX,Pago em atraso,22033.91,22109.3,Base sintética,2026-09-15
MOV-00310,2025-02-01,2025-02-09,2025-02-01,Entrada,Aporte,Tecnologia,Entidade 043,PIX,Pago no prazo,11262.51,11104.51,Base sintética,2026-09-15
MOV-00311,2025-10-01,2025-10-09,2025-10-06,Entrada,Receita de serviços,Tecnologia,Entidade 053,Cartão,Pago no prazo,6191.78,6145.76,Base sintética,2026-09-15
MOV-00312,2025-02-01,2025-02-03,2025-01-24,Entrada,Rendimentos,Tecnologia,Entidade 034,PIX,Pago no prazo,13027.61,13074.94,Base sintética,2026-09-15
MOV-00313,2025-11-01,2025-11-22,2025-11-21,Saída,Impostos,Comercial,Entidade 074,Boleto,Pago no prazo,23288.66,23083.69,Base sintética,2026-09-15
MOV-00314,2025-07-01,2025-07-22,2025-07-12,Entrada,Rendimentos,Comercial,Entidade 021,PIX,Pago no prazo,3839.23,3814.02,Base sintética,2026-09-15
MOV-00315,2026-03-01,2026-03-14,2026-03-11,Entrada,Receita de serviços,Tecnologia,Entidade 056,Boleto,Pago no prazo,2652.53,2677.3,Base sintética,2026-09-15
MOV-00316,2025-05-01,2025-05-12,2025-05-06,Saída,Tecnologia,Tecnologia,Entidade 056,Boleto,Pago no prazo,4776.11,4722.98,Base sintética,2026-09-15
MOV-00317,2025-06-01,2025-06-27,2025-06-18,Saída,Marketing,Comercial,Entidade 073,Boleto,Pago no prazo,6969.45,7017.91,Base sintética,2026-09-15
MOV-00318,2025-04-01,2025-04-06,2025-04-03,Entrada,Vendas,Financeiro,Entidade 010,Cartão,Pago no prazo,8234.18,8270.77,Base sintética,2026-09-15
MOV-00319,2025-06-01,2025-06-29,2025-06-24,Saída,Marketing,Financeiro,Entidade 026,PIX,Pago no prazo,3408.1,3382.4,Base sintética,2026-09-15
MOV-00320,2026-07-01,2026-07-24,2026-07-22,Saída,Infraestrutura,Financeiro,Entidade 032,Boleto,Pago no prazo,8332.76,8387.77,Base sintética,2026-09-15
MOV-00321,2025-03-01,2025-03-01,2025-02-23,Saída,Fornecedores,Tecnologia,Entidade 022,Boleto,Pago no prazo,14608.65,14652.94,Base sintética,2026-09-15
MOV-00322,2026-07-01,2026-07-06,2026-07-02,Saída,Folha,Operações,Entidade 068,Cartão,Pago no prazo,11630.47,11538.07,Base sintética,2026-09-15
MOV-00323,2025-09-01,2025-09-20,2025-09-10,Saída,Fornecedores,Comercial,Entidade 003,Transferência,Pago no prazo,5917.78,5852.25,Base sintética,2026-09-15
MOV-00324,2025-08-01,2025-08-14,2025-08-09,Entrada,Vendas,Administrativo,Entidade 032,PIX,Pago no prazo,2796.35,2785.64,Base sintética,2026-09-15
MOV-00325,2025-10-01,2025-10-23,2025-10-21,Entrada,Vendas,Financeiro,Entidade 058,Transferência,Pago no prazo,7671.49,7730.44,Base sintética,2026-09-15
MOV-00326,2025-10-01,2025-10-25,2025-10-21,Entrada,Receita de serviços,Comercial,Entidade 061,Cartão,Pago no prazo,5246.7,5257.9,Base sintética,2026-09-15
MOV-00327,2025-04-01,2025-04-24,2025-04-20,Entrada,Aporte,Tecnologia,Entidade 084,Transferência,Pago no prazo,15006.4,15046.87,Base sintética,2026-09-15
MOV-00328,2025-03-01,2025-03-12,2025-03-02,Entrada,Vendas,Comercial,Entidade 021,Boleto,Pago no prazo,7772.2,7764.64,Base sintética,2026-09-15
MOV-00329,2026-06-01,2026-06-17,2026-07-04,Entrada,Receita de serviços,Tecnologia,Entidade 065,PIX,Pago em atraso,14976.2,15007.34,Base sintética,2026-09-15
MOV-00330,2025-12-01,2025-12-27,2025-12-20,Entrada,Rendimentos,Tecnologia,Entidade 069,Cartão,Pago no prazo,9867.35,9747.36,Base sintética,2026-09-15
MOV-00331,2026-02-01,2026-02-28,2026-02-24,Entrada,Vendas,Operações,Entidade 007,Transferência,Pago no prazo,12254.37,12075.56,Base sintética,2026-09-15
MOV-00332,2025-10-01,2025-10-29,2025-10-26,Saída,Impostos,Administrativo,Entidade 040,PIX,Pago no prazo,11409.96,11452.93,Base sintética,2026-09-15
MOV-00333,2025-12-01,2025-12-25,,Saída,Infraestrutura,Operações,Entidade 075,Cartão,Vencido,107.04,0.0,Base sintética,2026-09-15
MOV-00334,2026-07-01,2026-07-04,2026-07-04,Entrada,Aporte,Financeiro,Entidade 017,Boleto,Pago no prazo,11665.01,11645.45,Base sintética,2026-09-15
MOV-00335,2026-03-01,2026-03-19,2026-03-09,Entrada,Aporte,Financeiro,Entidade 016,Cartão,Pago no prazo,2913.16,2906.05,Base sintética,2026-09-15
MOV-00336,2025-07-01,2025-07-05,2025-07-02,Entrada,Aporte,Tecnologia,Entidade 059,Transferência,Pago no prazo,23006.28,22782.21,Base sintética,2026-09-15
MOV-00337,2025-07-01,2025-07-12,2025-07-10,Saída,Tecnologia,Operações,Entidade 076,Boleto,Pago no prazo,23799.61,23649.01,Base sintética,2026-09-15
MOV-00338,2026-06-01,2026-06-13,2026-06-07,Saída,Infraestrutura,Financeiro,Entidade 071,Cartão,Pago no prazo,7580.51,7556.51,Base sintética,2026-09-15
MOV-00339,2025-12-01,2025-12-04,2025-12-02,Entrada,Rendimentos,Financeiro,Entidade 013,Cartão,Pago no prazo,12419.83,12367.57,Base sintética,2026-09-15
MOV-00340,2025-07-01,2025-07-02,2025-07-03,Saída,Impostos,Financeiro,Entidade 019,PIX,Pago em atraso,3884.03,3882.87,Base sintética,2026-09-15
MOV-00341,2025-05-01,2025-05-19,2025-05-31,Entrada,Rendimentos,Tecnologia,Entidade 068,Cartão,Pago em atraso,5261.82,5292.58,Base sintética,2026-09-15
MOV-00342,2025-06-01,2025-06-20,2025-06-10,Saída,Tecnologia,Administrativo,Entidade 043,Boleto,Pago no prazo,33838.82,33628.57,Base sintética,2026-09-15
MOV-00343,2025-03-01,2025-03-08,2025-03-04,Saída,Marketing,Administrativo,Entidade 003,PIX,Pago no prazo,23591.52,23612.9,Base sintética,2026-09-15
MOV-00344,2025-07-01,2025-07-27,2025-07-21,Saída,Marketing,Administrativo,Entidade 034,Transferência,Pago no prazo,2055.83,2049.67,Base sintética,2026-09-15
MOV-00345,2025-02-01,2025-02-02,2025-01-27,Saída,Logística,Tecnologia,Entidade 033,PIX,Pago no prazo,17955.36,17901.13,Base sintética,2026-09-15
MOV-00346,2025-09-01,2025-09-04,2025-08-27,Saída,Folha,Operações,Entidade 036,Cartão,Pago no prazo,7396.74,7388.88,Base sintética,2026-09-15
MOV-00347,2026-05-01,2026-05-24,2026-05-15,Entrada,Aporte,Tecnologia,Entidade 025,PIX,Pago no prazo,10920.35,10922.43,Base sintética,2026-09-15
MOV-00348,2026-04-01,2026-04-27,,Saída,Marketing,Tecnologia,Entidade 016,PIX,Vencido,779.43,0.0,Base sintética,2026-09-15
MOV-00349,2025-11-01,2025-11-16,2025-11-07,Entrada,Rendimentos,Financeiro,Entidade 069,PIX,Pago no prazo,19959.6,19987.94,Base sintética,2026-09-15
MOV-00350,2025-08-01,2025-08-08,2025-07-29,Entrada,Aporte,Operações,Entidade 053,PIX,Pago no prazo,12863.08,12680.04,Base sintética,2026-09-15
MOV-00351,2025-08-01,2025-08-23,2025-08-24,Saída,Marketing,Comercial,Entidade 029,Boleto,Pago em atraso,8222.87,8180.42,Base sintética,2026-09-15
MOV-00352,2026-08-01,2026-08-17,2026-08-08,Entrada,Aporte,Administrativo,Entidade 085,Transferência,Pago no prazo,16467.25,16380.96,Base sintética,2026-09-15
MOV-00353,2025-09-01,2025-09-27,2025-09-24,Saída,Marketing,Administrativo,Entidade 032,Transferência,Pago no prazo,8786.5,8796.94,Base sintética,2026-09-15
MOV-00354,2025-01-01,2025-01-11,2025-01-09,Saída,Infraestrutura,Tecnologia,Entidade 079,Transferência,Pago no prazo,4627.85,4613.41,Base sintética,2026-09-15
MOV-00355,2026-06-01,2026-06-14,2026-06-08,Entrada,Receita de serviços,Comercial,Entidade 085,Cartão,Pago no prazo,4893.97,4871.7,Base sintética,2026-09-15
MOV-00356,2025-07-01,2025-07-23,2025-07-21,Saída,Fornecedores,Tecnologia,Entidade 006,Cartão,Pago no prazo,20211.64,20382.24,Base sintética,2026-09-15
MOV-00357,2026-07-01,2026-07-14,2026-07-07,Entrada,Aporte,Financeiro,Entidade 010,PIX,Pago no prazo,6892.36,6857.05,Base sintética,2026-09-15
MOV-00358,2026-06-01,2026-06-19,2026-06-12,Saída,Tecnologia,Administrativo,Entidade 049,Boleto,Pago no prazo,4792.15,4782.38,Base sintética,2026-09-15
MOV-00359,2025-12-01,2025-12-01,2025-11-21,Saída,Logística,Operações,Entidade 059,Cartão,Pago no prazo,5992.79,5911.79,Base sintética,2026-09-15
MOV-00360,2026-02-01,2026-02-06,2026-01-30,Saída,Marketing,Financeiro,Entidade 046,Cartão,Pago no prazo,9669.9,9754.02,Base sintética,2026-09-15
MOV-00361,2025-06-01,2025-06-14,2025-06-12,Saída,Infraestrutura,Operações,Entidade 004,Cartão,Pago no prazo,8373.89,8427.63,Base sintética,2026-09-15
MOV-00362,2026-01-01,2026-01-24,2026-01-18,Saída,Impostos,Operações,Entidade 050,PIX,Pago no prazo,12717.15,12805.3,Base sintética,2026-09-15
MOV-00363,2026-04-01,2026-04-27,2026-04-17,Entrada,Receita de serviços,Financeiro,Entidade 009,Cartão,Pago no prazo,7732.6,7705.58,Base sintética,2026-09-15
MOV-00364,2026-03-01,2026-03-19,2026-03-13,Saída,Fornecedores,Financeiro,Entidade 004,PIX,Pago no prazo,10035.39,10083.57,Base sintética,2026-09-15
MOV-00365,2025-09-01,2025-09-25,2025-09-25,Saída,Logística,Operações,Entidade 045,Cartão,Pago no prazo,1458.65,1443.1,Base sintética,2026-09-15
MOV-00366,2026-08-01,2026-08-29,,Saída,Infraestrutura,Tecnologia,Entidade 038,Transferência,Vencido,917.72,0.0,Base sintética,2026-09-15
MOV-00367,2026-04-01,2026-04-18,2026-04-09,Entrada,Aporte,Financeiro,Entidade 081,Boleto,Pago no prazo,3925.86,3955.2,Base sintética,2026-09-15
MOV-00368,2025-02-01,2025-02-11,2025-02-03,Saída,Marketing,Tecnologia,Entidade 030,Boleto,Pago no prazo,9225.23,9117.15,Base sintética,2026-09-15
MOV-00369,2025-04-01,2025-04-12,2025-04-07,Entrada,Vendas,Financeiro,Entidade 051,PIX,Pago no prazo,7275.13,7226.71,Base sintética,2026-09-15
MOV-00370,2026-04-01,2026-04-06,2026-03-30,Saída,Fornecedores,Tecnologia,Entidade 038,Transferência,Pago no prazo,10090.9,9991.21,Base sintética,2026-09-15
MOV-00371,2025-05-01,2025-05-06,2025-05-04,Entrada,Receita de serviços,Administrativo,Entidade 042,Transferência,Pago no prazo,3657.71,3626.74,Base sintética,2026-09-15
MOV-00372,2025-12-01,2025-12-19,2025-12-09,Entrada,Rendimentos,Administrativo,Entidade 020,Transferência,Pago no prazo,3550.17,3584.71,Base sintética,2026-09-15
MOV-00373,2026-01-01,2026-01-03,2026-01-07,Entrada,Aporte,Tecnologia,Entidade 069,PIX,Pago em atraso,6032.8,6013.62,Base sintética,2026-09-15
MOV-00374,2026-08-01,2026-08-11,2026-08-03,Saída,Tecnologia,Tecnologia,Entidade 004,Cartão,Pago no prazo,15330.56,15147.14,Base sintética,2026-09-15
MOV-00375,2026-03-01,2026-03-08,2026-03-08,Entrada,Receita de serviços,Tecnologia,Entidade 029,Cartão,Pago no prazo,9214.77,9115.06,Base sintética,2026-09-15
MOV-00376,2025-11-01,2025-11-25,2025-11-15,Entrada,Vendas,Tecnologia,Entidade 079,Boleto,Pago no prazo,10070.02,9953.77,Base sintética,2026-09-15
MOV-00377,2025-09-01,2025-09-23,2025-10-05,Entrada,Receita de serviços,Financeiro,Entidade 041,Transferência,Pago em atraso,7664.86,7704.16,Base sintética,2026-09-15
MOV-00378,2026-06-01,2026-06-23,2026-06-23,Saída,Folha,Operações,Entidade 082,Cartão,Pago no prazo,7257.97,7181.61,Base sintética,2026-09-15
MOV-00379,2025-11-01,2025-11-17,2025-11-17,Entrada,Rendimentos,Operações,Entidade 038,Boleto,Pago no prazo,5961.29,5898.55,Base sintética,2026-09-15
MOV-00380,2025-09-01,2025-09-18,2025-09-16,Entrada,Vendas,Administrativo,Entidade 047,PIX,Pago no prazo,2912.26,2920.48,Base sintética,2026-09-15
MOV-00381,2025-08-01,2025-08-18,,Entrada,Aporte,Comercial,Entidade 027,PIX,Vencido,437.43,0.0,Base sintética,2026-09-15
MOV-00382,2025-05-01,2025-05-01,2025-04-23,Saída,Impostos,Administrativo,Entidade 032,PIX,Pago no prazo,11313.98,11309.59,Base sintética,2026-09-15
MOV-00383,2025-01-01,2025-01-28,2025-01-23,Saída,Marketing,Operações,Entidade 024,Boleto,Pago no prazo,4962.89,4901.37,Base sintética,2026-09-15
MOV-00384,2025-04-01,2025-04-22,2025-04-17,Entrada,Vendas,Tecnologia,Entidade 022,Transferência,Pago no prazo,9797.92,9690.31,Base sintética,2026-09-15
MOV-00385,2025-05-01,2025-05-12,2025-05-10,Entrada,Rendimentos,Operações,Entidade 072,PIX,Pago no prazo,13118.19,13174.55,Base sintética,2026-09-15
MOV-00386,2025-08-01,2025-08-10,2025-08-02,Entrada,Receita de serviços,Financeiro,Entidade 056,Boleto,Pago no prazo,8532.67,8417.19,Base sintética,2026-09-15
MOV-00387,2025-08-01,2025-08-13,2025-08-09,Entrada,Vendas,Financeiro,Entidade 002,Boleto,Pago no prazo,16209.95,16110.84,Base sintética,2026-09-15
MOV-00388,2025-09-01,2025-09-21,,Saída,Tecnologia,Financeiro,Entidade 029,PIX,Vencido,610.13,0.0,Base sintética,2026-09-15
MOV-00389,2026-04-01,2026-04-10,2026-04-07,Saída,Impostos,Administrativo,Entidade 077,Cartão,Pago no prazo,10462.05,10545.1,Base sintética,2026-09-15
MOV-00390,2026-02-01,2026-02-08,2026-02-04,Saída,Fornecedores,Operações,Entidade 058,Cartão,Pago no prazo,2150.04,2129.26,Base sintética,2026-09-15
MOV-00391,2025-08-01,2025-08-05,2025-08-04,Entrada,Receita de serviços,Financeiro,Entidade 080,Transferência,Pago no prazo,12345.89,12303.62,Base sintética,2026-09-15
MOV-00392,2025-03-01,2025-03-03,2025-03-03,Entrada,Aporte,Tecnologia,Entidade 081,PIX,Pago no prazo,28834.12,29016.19,Base sintética,2026-09-15
MOV-00393,2026-08-01,2026-08-03,2026-08-02,Entrada,Vendas,Comercial,Entidade 023,Cartão,Pago no prazo,2359.31,2331.05,Base sintética,2026-09-15
MOV-00394,2025-02-01,2025-02-27,,Entrada,Vendas,Administrativo,Entidade 084,PIX,Vencido,751.21,0.0,Base sintética,2026-09-15
MOV-00395,2025-07-01,2025-07-31,2025-07-27,Entrada,Rendimentos,Administrativo,Entidade 046,Boleto,Pago no prazo,10149.65,10129.08,Base sintética,2026-09-15
MOV-00396,2026-03-01,2026-03-27,2026-03-17,Saída,Impostos,Tecnologia,Entidade 034,Transferência,Pago no prazo,10318.71,10198.09,Base sintética,2026-09-15
MOV-00397,2026-04-01,2026-04-10,2026-04-06,Saída,Marketing,Operações,Entidade 045,Boleto,Pago no prazo,3872.03,3830.29,Base sintética,2026-09-15
MOV-00398,2025-03-01,2025-03-17,2025-03-16,Entrada,Rendimentos,Financeiro,Entidade 046,Transferência,Pago no prazo,4428.55,4418.6,Base sintética,2026-09-15
MOV-00399,2025-08-01,2025-08-07,2025-08-04,Saída,Logística,Administrativo,Entidade 003,Cartão,Pago no prazo,3954.16,3986.73,Base sintética,2026-09-15
MOV-00400,2026-08-01,2026-08-16,2026-08-06,Saída,Infraestrutura,Operações,Entidade 044,Boleto,Pago no prazo,3470.62,3485.48,Base sintética,2026-09-15
MOV-00401,2025-04-01,2025-04-26,2025-04-24,Entrada,Aporte,Tecnologia,Entidade 080,Boleto,Pago no prazo,22641.03,22337.57,Base sintética,2026-09-15
MOV-00402,2025-03-01,2025-03-31,2025-03-31,Saída,Infraestrutura,Operações,Entidade 071,PIX,Pago no prazo,12470.48,12317.4,Base sintética,2026-09-15
MOV-00403,2026-07-01,2026-07-29,2026-07-25,Saída,Marketing,Administrativo,Entidade 081,Cartão,Pago no prazo,4085.82,4067.41,Base sintética,2026-09-15
MOV-00404,2025-07-01,2025-07-10,2025-07-03,Saída,Infraestrutura,Administrativo,Entidade 031,Transferência,Pago no prazo,4709.06,4730.45,Base sintética,2026-09-15
MOV-00405,2026-04-01,2026-04-06,2026-03-28,Entrada,Aporte,Administrativo,Entidade 030,PIX,Pago no prazo,13454.59,13356.69,Base sintética,2026-09-15
MOV-00406,2026-05-01,2026-05-16,2026-05-08,Saída,Tecnologia,Comercial,Entidade 016,Boleto,Pago no prazo,5046.48,5040.99,Base sintética,2026-09-15
MOV-00407,2025-02-01,2025-02-03,2025-01-24,Entrada,Receita de serviços,Financeiro,Entidade 034,Boleto,Pago no prazo,23237.88,23410.93,Base sintética,2026-09-15
MOV-00408,2025-02-01,2025-02-05,2025-02-23,Entrada,Rendimentos,Operações,Entidade 041,Boleto,Pago em atraso,3660.21,3621.3,Base sintética,2026-09-15
MOV-00409,2025-01-01,2025-01-19,2025-01-15,Entrada,Aporte,Operações,Entidade 042,Boleto,Pago no prazo,6944.76,6960.96,Base sintética,2026-09-15
MOV-00410,2025-01-01,2025-01-29,2025-01-22,Entrada,Aporte,Financeiro,Entidade 055,Boleto,Pago no prazo,3523.05,3505.64,Base sintética,2026-09-15
MOV-00411,2025-10-01,2025-10-06,2025-09-28,Entrada,Vendas,Comercial,Entidade 017,PIX,Pago no prazo,2763.58,2757.13,Base sintética,2026-09-15
MOV-00412,2025-03-01,2025-03-23,2025-03-17,Entrada,Aporte,Tecnologia,Entidade 007,PIX,Pago no prazo,6567.61,6591.47,Base sintética,2026-09-15
MOV-00413,2026-03-01,2026-03-09,2026-03-02,Saída,Impostos,Financeiro,Entidade 064,Cartão,Pago no prazo,12310.11,12161.74,Base sintética,2026-09-15
MOV-00414,2025-06-01,2025-06-04,2025-06-02,Saída,Marketing,Tecnologia,Entidade 034,Cartão,Pago no prazo,12239.55,12245.39,Base sintética,2026-09-15
MOV-00415,2026-04-01,2026-04-09,2026-03-31,Entrada,Aporte,Administrativo,Entidade 064,Transferência,Pago no prazo,8728.37,8641.53,Base sintética,2026-09-15
MOV-00416,2025-11-01,2025-11-21,2025-11-17,Saída,Logística,Comercial,Entidade 059,Transferência,Pago no prazo,6948.77,6874.82,Base sintética,2026-09-15
MOV-00417,2025-11-01,2025-11-02,2025-10-28,Saída,Infraestrutura,Administrativo,Entidade 065,Cartão,Pago no prazo,5626.14,5652.3,Base sintética,2026-09-15
MOV-00418,2025-03-01,2025-03-26,2025-04-09,Entrada,Aporte,Administrativo,Entidade 074,Boleto,Pago em atraso,7251.16,7237.18,Base sintética,2026-09-15
MOV-00419,2026-02-01,2026-02-02,2026-01-27,Entrada,Aporte,Operações,Entidade 073,PIX,Pago no prazo,22531.71,22316.62,Base sintética,2026-09-15
MOV-00420,2026-02-01,2026-02-19,2026-02-09,Entrada,Receita de serviços,Operações,Entidade 011,PIX,Pago no prazo,22837.94,22668.46,Base sintética,2026-09-15
MOV-00421,2025-12-01,2025-12-31,2026-01-02,Entrada,Aporte,Operações,Entidade 024,Cartão,Pago em atraso,11708.64,11724.56,Base sintética,2026-09-15
MOV-00422,2026-07-01,2026-07-25,2026-07-24,Saída,Fornecedores,Tecnologia,Entidade 042,PIX,Pago no prazo,13245.13,13346.1,Base sintética,2026-09-15
MOV-00423,2025-11-01,2025-11-23,2025-11-15,Entrada,Rendimentos,Tecnologia,Entidade 064,PIX,Pago no prazo,5460.75,5393.78,Base sintética,2026-09-15
MOV-00424,2025-06-01,2025-06-14,2025-06-10,Saída,Tecnologia,Comercial,Entidade 038,PIX,Pago no prazo,8624.75,8507.18,Base sintética,2026-09-15
MOV-00425,2025-04-01,2025-04-18,2025-04-09,Saída,Fornecedores,Administrativo,Entidade 014,Boleto,Pago no prazo,23344.38,23311.25,Base sintética,2026-09-15
MOV-00426,2025-03-01,2025-03-23,2025-03-18,Saída,Folha,Administrativo,Entidade 078,PIX,Pago no prazo,4730.45,4739.86,Base sintética,2026-09-15
MOV-00427,2026-05-01,2026-05-28,2026-05-23,Saída,Impostos,Financeiro,Entidade 035,Boleto,Pago no prazo,2291.54,2280.24,Base sintética,2026-09-15
MOV-00428,2025-03-01,2025-03-14,2025-03-14,Saída,Infraestrutura,Tecnologia,Entidade 008,Transferência,Pago no prazo,1164.18,1167.01,Base sintética,2026-09-15
MOV-00429,2026-07-01,2026-07-31,2026-07-31,Saída,Folha,Financeiro,Entidade 019,Transferência,Pago no prazo,7368.17,7424.67,Base sintética,2026-09-15
MOV-00430,2025-11-01,2025-11-26,2025-11-26,Entrada,Vendas,Administrativo,Entidade 005,PIX,Pago no prazo,3766.26,3793.66,Base sintética,2026-09-15
MOV-00431,2025-10-01,2025-10-18,2025-10-17,Entrada,Rendimentos,Financeiro,Entidade 082,PIX,Pago no prazo,10543.9,10417.59,Base sintética,2026-09-15
MOV-00432,2026-06-01,2026-06-26,2026-06-26,Entrada,Vendas,Financeiro,Entidade 016,PIX,Pago no prazo,4352.78,4293.75,Base sintética,2026-09-15
MOV-00433,2026-06-01,2026-06-10,2026-05-31,Entrada,Aporte,Operações,Entidade 038,Boleto,Pago no prazo,9945.28,9994.49,Base sintética,2026-09-15
MOV-00434,2025-01-01,2025-01-07,2025-01-06,Saída,Impostos,Financeiro,Entidade 045,Cartão,Pago no prazo,7479.9,7376.7,Base sintética,2026-09-15
MOV-00435,2026-01-01,2026-01-23,2026-01-20,Saída,Marketing,Comercial,Entidade 062,Transferência,Pago no prazo,8334.99,8284.82,Base sintética,2026-09-15
MOV-00436,2026-05-01,2026-05-16,2026-05-16,Saída,Folha,Operações,Entidade 062,Cartão,Pago no prazo,5513.56,5491.51,Base sintética,2026-09-15
MOV-00437,2025-01-01,2025-01-30,2025-01-29,Entrada,Aporte,Tecnologia,Entidade 083,Transferência,Pago no prazo,4412.08,4353.58,Base sintética,2026-09-15
MOV-00438,2025-07-01,2025-07-09,,Entrada,Aporte,Comercial,Entidade 035,Cartão,Vencido,932.04,0.0,Base sintética,2026-09-15
MOV-00439,2025-11-01,2025-11-22,2025-11-20,Saída,Folha,Comercial,Entidade 081,PIX,Pago no prazo,9525.75,9409.17,Base sintética,2026-09-15
MOV-00440,2025-12-01,2025-12-12,2025-12-11,Saída,Logística,Operações,Entidade 007,Transferência,Pago no prazo,12871.04,12710.46,Base sintética,2026-09-15
MOV-00441,2025-01-01,2025-01-26,2025-01-21,Saída,Tecnologia,Tecnologia,Entidade 082,Cartão,Pago no prazo,7761.73,7790.37,Base sintética,2026-09-15
MOV-00442,2026-05-01,2026-05-02,2026-04-26,Saída,Folha,Administrativo,Entidade 010,Boleto,Pago no prazo,9391.37,9306.12,Base sintética,2026-09-15
MOV-00443,2025-12-01,2025-12-19,2025-12-28,Entrada,Receita de serviços,Operações,Entidade 036,Cartão,Pago em atraso,4605.91,4645.06,Base sintética,2026-09-15
MOV-00444,2026-06-01,2026-06-22,2026-06-15,Entrada,Aporte,Administrativo,Entidade 066,Cartão,Pago no prazo,5340.27,5315.54,Base sintética,2026-09-15
MOV-00445,2025-04-01,2025-04-15,2025-04-12,Saída,Tecnologia,Administrativo,Entidade 007,PIX,Pago no prazo,21581.68,21310.04,Base sintética,2026-09-15
MOV-00446,2025-02-01,2025-02-11,2025-02-11,Entrada,Vendas,Tecnologia,Entidade 038,PIX,Pago no prazo,10833.86,10773.13,Base sintética,2026-09-15
MOV-00447,2026-08-01,2026-08-14,2026-08-04,Saída,Logística,Financeiro,Entidade 055,PIX,Pago no prazo,6412.19,6376.79,Base sintética,2026-09-15
MOV-00448,2025-02-01,2025-02-25,,Entrada,Rendimentos,Financeiro,Entidade 057,PIX,Vencido,356.75,0.0,Base sintética,2026-09-15
MOV-00449,2026-04-01,2026-04-11,2026-04-04,Entrada,Vendas,Financeiro,Entidade 067,Cartão,Pago no prazo,15022.32,15114.71,Base sintética,2026-09-15
MOV-00450,2025-09-01,2025-09-14,,Saída,Infraestrutura,Operações,Entidade 038,Cartão,Vencido,192.51,0.0,Base sintética,2026-09-15
MOV-00451,2025-01-01,2025-01-22,2025-01-15,Saída,Tecnologia,Comercial,Entidade 012,PIX,Pago no prazo,4377.32,4364.57,Base sintética,2026-09-15
MOV-00452,2025-09-01,2025-09-26,2025-09-24,Entrada,Rendimentos,Comercial,Entidade 073,Transferência,Pago no prazo,10452.89,10434.48,Base sintética,2026-09-15
MOV-00453,2025-10-01,2025-10-15,2025-10-11,Saída,Logística,Operações,Entidade 021,Boleto,Pago no prazo,8773.4,8839.92,Base sintética,2026-09-15
MOV-00454,2026-01-01,2026-01-19,2026-01-09,Entrada,Rendimentos,Operações,Entidade 057,Transferência,Pago no prazo,3202.98,3185.47,Base sintética,2026-09-15
MOV-00455,2025-01-01,2025-01-28,,Saída,Logística,Operações,Entidade 017,PIX,Vencido,161.39,0.0,Base sintética,2026-09-15
MOV-00456,2025-04-01,2025-04-21,2025-04-14,Saída,Tecnologia,Administrativo,Entidade 023,Transferência,Pago no prazo,6805.75,6795.7,Base sintética,2026-09-15
MOV-00457,2026-06-01,2026-06-04,,Entrada,Receita de serviços,Tecnologia,Entidade 056,Cartão,Vencido,1364.09,0.0,Base sintética,2026-09-15
MOV-00458,2025-04-01,2025-04-27,2025-04-18,Entrada,Aporte,Financeiro,Entidade 019,PIX,Pago no prazo,4149.03,4174.42,Base sintética,2026-09-15
MOV-00459,2025-11-01,2025-11-15,,Entrada,Aporte,Administrativo,Entidade 073,Transferência,Vencido,603.92,0.0,Base sintética,2026-09-15
MOV-00460,2025-01-01,2025-01-28,,Saída,Impostos,Administrativo,Entidade 051,Cartão,Vencido,700.8,0.0,Base sintética,2026-09-15
MOV-00461,2025-10-01,2025-10-23,2025-10-15,Saída,Logística,Financeiro,Entidade 068,Cartão,Pago no prazo,4389.39,4384.01,Base sintética,2026-09-15
MOV-00462,2025-07-01,2025-07-08,2025-07-03,Entrada,Rendimentos,Financeiro,Entidade 014,Transferência,Pago no prazo,17874.37,17745.74,Base sintética,2026-09-15
MOV-00463,2025-07-01,2025-07-16,2025-07-08,Saída,Marketing,Operações,Entidade 052,Transferência,Pago no prazo,16738.4,16569.22,Base sintética,2026-09-15
MOV-00464,2025-08-01,2025-08-30,2025-09-05,Saída,Infraestrutura,Financeiro,Entidade 068,Cartão,Pago em atraso,2069.85,2057.39,Base sintética,2026-09-15
MOV-00465,2026-05-01,2026-05-02,,Saída,Infraestrutura,Financeiro,Entidade 062,Cartão,Vencido,274.79,0.0,Base sintética,2026-09-15
MOV-00466,2025-11-01,2025-11-12,2025-11-07,Saída,Folha,Tecnologia,Entidade 043,Transferência,Pago no prazo,16676.98,16483.97,Base sintética,2026-09-15
MOV-00467,2025-08-01,2025-08-05,2025-08-01,Saída,Marketing,Tecnologia,Entidade 046,Transferência,Pago no prazo,18247.78,18012.25,Base sintética,2026-09-15
MOV-00468,2025-12-01,2025-12-27,2025-12-23,Saída,Fornecedores,Comercial,Entidade 063,PIX,Pago no prazo,14544.29,14343.04,Base sintética,2026-09-15
MOV-00469,2026-07-01,2026-07-08,2026-07-07,Saída,Fornecedores,Operações,Entidade 058,Transferência,Pago no prazo,10167.47,10255.41,Base sintética,2026-09-15
MOV-00470,2025-03-01,2025-03-16,2025-03-16,Saída,Logística,Operações,Entidade 079,Cartão,Pago no prazo,5767.07,5750.29,Base sintética,2026-09-15
MOV-00471,2025-05-01,2025-05-11,2025-05-05,Saída,Folha,Financeiro,Entidade 006,Boleto,Pago no prazo,1947.82,1950.94,Base sintética,2026-09-15
MOV-00472,2025-04-01,2025-04-07,2025-04-03,Saída,Logística,Operações,Entidade 003,Boleto,Pago no prazo,7727.14,7683.85,Base sintética,2026-09-15
MOV-00473,2025-04-01,2025-04-02,2025-03-24,Saída,Infraestrutura,Administrativo,Entidade 083,Cartão,Pago no prazo,4664.74,4660.25,Base sintética,2026-09-15
MOV-00474,2025-04-01,2025-04-07,2025-03-30,Saída,Marketing,Financeiro,Entidade 069,Boleto,Pago no prazo,3297.08,3308.41,Base sintética,2026-09-15
MOV-00475,2025-11-01,2025-11-10,2025-11-06,Entrada,Aporte,Tecnologia,Entidade 030,Transferência,Pago no prazo,7365.68,7392.38,Base sintética,2026-09-15
MOV-00476,2025-11-01,2025-11-06,2025-11-04,Saída,Marketing,Financeiro,Entidade 066,Transferência,Pago no prazo,6935.21,6888.73,Base sintética,2026-09-15
MOV-00477,2025-04-01,2025-04-19,2025-04-26,Entrada,Rendimentos,Tecnologia,Entidade 015,Transferência,Pago em atraso,8170.85,8090.05,Base sintética,2026-09-15
MOV-00478,2025-10-01,2025-10-10,2025-10-03,Entrada,Vendas,Administrativo,Entidade 064,Transferência,Pago no prazo,10550.1,10526.69,Base sintética,2026-09-15
MOV-00479,2026-04-01,2026-04-17,2026-04-17,Saída,Folha,Financeiro,Entidade 077,Cartão,Pago no prazo,13033.54,12891.93,Base sintética,2026-09-15
MOV-00480,2025-07-01,2025-07-28,2025-07-25,Saída,Fornecedores,Administrativo,Entidade 007,Transferência,Pago no prazo,47656.04,47776.76,Base sintética,2026-09-15
MOV-00481,2025-05-01,2025-05-29,2025-05-23,Saída,Marketing,Tecnologia,Entidade 001,Cartão,Pago no prazo,6570.9,6541.44,Base sintética,2026-09-15
MOV-00482,2025-08-01,2025-08-20,2025-09-04,Entrada,Receita de serviços,Financeiro,Entidade 063,Boleto,Pago em atraso,17255.6,17199.77,Base sintética,2026-09-15
MOV-00483,2025-04-01,2025-04-16,2025-04-09,Entrada,Rendimentos,Tecnologia,Entidade 059,Transferência,Pago no prazo,4091.43,4103.63,Base sintética,2026-09-15
MOV-00484,2025-11-01,2025-11-14,,Saída,Fornecedores,Financeiro,Entidade 049,PIX,Vencido,720.17,0.0,Base sintética,2026-09-15
MOV-00485,2025-10-01,2025-10-24,2025-10-14,Entrada,Aporte,Financeiro,Entidade 060,PIX,Pago no prazo,5161.46,5156.15,Base sintética,2026-09-15
MOV-00486,2025-06-01,2025-06-09,2025-06-09,Entrada,Vendas,Administrativo,Entidade 059,Transferência,Pago no prazo,4272.84,4221.48,Base sintética,2026-09-15
MOV-00487,2025-01-01,2025-01-14,2025-01-30,Saída,Impostos,Comercial,Entidade 003,Cartão,Pago em atraso,13149.26,13089.47,Base sintética,2026-09-15
MOV-00488,2026-01-01,2026-01-25,2026-01-15,Saída,Folha,Administrativo,Entidade 070,Boleto,Pago no prazo,3360.66,3314.39,Base sintética,2026-09-15
MOV-00489,2025-04-01,2025-04-02,2025-03-26,Entrada,Rendimentos,Operações,Entidade 083,Cartão,Pago no prazo,7178.99,7082.3,Base sintética,2026-09-15
MOV-00490,2025-07-01,2025-07-12,2025-07-04,Saída,Tecnologia,Financeiro,Entidade 071,Boleto,Pago no prazo,9087.69,9015.76,Base sintética,2026-09-15
MOV-00491,2025-06-01,2025-06-28,2025-06-20,Saída,Logística,Administrativo,Entidade 083,Transferência,Pago no prazo,1514.79,1504.88,Base sintética,2026-09-15
MOV-00492,2026-05-01,2026-05-28,2026-05-20,Entrada,Vendas,Financeiro,Entidade 072,PIX,Pago no prazo,13488.68,13329.6,Base sintética,2026-09-15
MOV-00493,2026-01-01,2026-01-02,2025-12-26,Saída,Fornecedores,Administrativo,Entidade 015,PIX,Pago no prazo,21398.86,21587.87,Base sintética,2026-09-15
MOV-00494,2025-03-01,2025-03-08,2025-02-26,Saída,Folha,Operações,Entidade 044,PIX,Pago no prazo,3073.31,3061.45,Base sintética,2026-09-15
MOV-00495,2026-06-01,2026-06-10,2026-06-04,Saída,Infraestrutura,Tecnologia,Entidade 039,Boleto,Pago no prazo,9486.1,9501.07,Base sintética,2026-09-15
MOV-00496,2025-04-01,2025-04-07,2025-03-31,Saída,Logística,Tecnologia,Entidade 054,Transferência,Pago no prazo,6751.9,6653.88,Base sintética,2026-09-15
MOV-00497,2026-03-01,2026-03-09,2026-03-05,Saída,Marketing,Tecnologia,Entidade 031,Transferência,Pago no prazo,8998.87,9072.75,Base sintética,2026-09-15
MOV-00498,2026-01-01,2026-01-30,2026-01-30,Saída,Marketing,Administrativo,Entidade 085,Cartão,Pago no prazo,21253.36,21409.2,Base sintética,2026-09-15
MOV-00499,2025-03-01,2025-03-30,,Saída,Fornecedores,Financeiro,Entidade 085,Boleto,Vencido,710.6,0.0,Base sintética,2026-09-15
MOV-00500,2025-10-01,2025-10-07,2025-10-01,Saída,Impostos,Comercial,Entidade 061,PIX,Pago no prazo,2681.38,2666.19,Base sintética,2026-09-15
MOV-00501,2026-05-01,2026-05-24,2026-05-17,Saída,Infraestrutura,Administrativo,Entidade 079,Boleto,Pago no prazo,5728.41,5718.54,Base sintética,2026-09-15
MOV-00502,2026-06-01,2026-06-19,2026-06-10,Entrada,Aporte,Administrativo,Entidade 078,Transferência,Pago no prazo,14129.99,14002.96,Base sintética,2026-09-15
MOV-00503,2026-04-01,2026-04-14,2026-04-05,Saída,Infraestrutura,Tecnologia,Entidade 022,Boleto,Pago no prazo,6406.49,6444.51,Base sintética,2026-09-15
MOV-00504,2026-03-01,2026-03-05,2026-02-28,Entrada,Aporte,Administrativo,Entidade 036,PIX,Pago no prazo,4537.45,4517.06,Base sintética,2026-09-15
MOV-00505,2026-05-01,2026-05-26,2026-05-22,Saída,Marketing,Financeiro,Entidade 071,Boleto,Pago no prazo,26009.58,26244.12,Base sintética,2026-09-15
MOV-00506,2025-03-01,2025-03-25,2025-03-28,Saída,Infraestrutura,Administrativo,Entidade 024,Cartão,Pago em atraso,5163.8,5142.63,Base sintética,2026-09-15
MOV-00507,2026-04-01,2026-04-01,2026-03-22,Entrada,Rendimentos,Comercial,Entidade 083,PIX,Pago no prazo,9971.91,10040.23,Base sintética,2026-09-15
MOV-00508,2025-10-01,2025-10-29,2025-10-23,Saída,Impostos,Administrativo,Entidade 048,Boleto,Pago no prazo,2288.49,2267.96,Base sintética,2026-09-15
MOV-00509,2026-04-01,2026-04-16,2026-04-15,Entrada,Rendimentos,Administrativo,Entidade 075,Transferência,Pago no prazo,11558.2,11641.43,Base sintética,2026-09-15
MOV-00510,2025-08-01,2025-08-23,,Entrada,Aporte,Financeiro,Entidade 068,Cartão,Vencido,153.92,0.0,Base sintética,2026-09-15
MOV-00511,2025-01-01,2025-01-24,2025-01-17,Saída,Marketing,Comercial,Entidade 074,Transferência,Pago no prazo,7261.47,7221.33,Base sintética,2026-09-15
MOV-00512,2026-04-01,2026-04-10,2026-04-07,Saída,Logística,Operações,Entidade 020,Transferência,Pago no prazo,1990.76,1961.2,Base sintética,2026-09-15
MOV-00513,2026-02-01,2026-02-12,,Saída,Fornecedores,Tecnologia,Entidade 013,Boleto,Vencido,1060.23,0.0,Base sintética,2026-09-15
MOV-00514,2025-07-01,2025-07-06,2025-07-03,Entrada,Aporte,Operações,Entidade 013,Boleto,Pago no prazo,16531.96,16345.07,Base sintética,2026-09-15
MOV-00515,2025-11-01,2025-11-19,2025-11-13,Entrada,Vendas,Tecnologia,Entidade 033,PIX,Pago no prazo,16033.5,16009.81,Base sintética,2026-09-15
MOV-00516,2026-02-01,2026-02-11,2026-02-09,Entrada,Vendas,Financeiro,Entidade 028,PIX,Pago no prazo,11814.48,11688.04,Base sintética,2026-09-15
MOV-00517,2026-03-01,2026-03-26,2026-03-16,Entrada,Vendas,Operações,Entidade 023,Cartão,Pago no prazo,5401.1,5402.59,Base sintética,2026-09-15
MOV-00518,2025-02-01,2025-02-09,2025-02-06,Entrada,Receita de serviços,Financeiro,Entidade 008,Transferência,Pago no prazo,2023.47,2041.26,Base sintética,2026-09-15
MOV-00519,2026-08-01,2026-08-07,2026-08-04,Entrada,Vendas,Comercial,Entidade 082,PIX,Pago no prazo,5142.45,5130.04,Base sintética,2026-09-15
MOV-00520,2025-05-01,2025-05-12,2025-05-05,Saída,Fornecedores,Operações,Entidade 020,Cartão,Pago no prazo,16224.02,16165.33,Base sintética,2026-09-15
MOV-00521,2025-09-01,2025-09-14,2025-09-10,Entrada,Vendas,Operações,Entidade 069,Boleto,Pago no prazo,12226.7,12247.23,Base sintética,2026-09-15
MOV-00522,2025-09-01,2025-09-07,2025-09-11,Saída,Infraestrutura,Tecnologia,Entidade 085,Boleto,Pago em atraso,7622.21,7536.51,Base sintética,2026-09-15
MOV-00523,2025-01-01,2025-01-10,2024-12-31,Entrada,Aporte,Financeiro,Entidade 004,Boleto,Pago no prazo,5469.49,5494.42,Base sintética,2026-09-15
MOV-00524,2025-03-01,2025-03-06,,Entrada,Rendimentos,Operações,Entidade 030,Transferência,Vencido,956.96,0.0,Base sintética,2026-09-15
MOV-00525,2026-04-01,2026-04-10,2026-04-07,Saída,Tecnologia,Administrativo,Entidade 025,PIX,Pago no prazo,7413.06,7317.55,Base sintética,2026-09-15
MOV-00526,2025-05-01,2025-05-26,2025-05-22,Saída,Fornecedores,Operações,Entidade 046,PIX,Pago no prazo,12308.37,12271.38,Base sintética,2026-09-15
MOV-00527,2025-03-01,2025-03-04,2025-03-02,Entrada,Receita de serviços,Financeiro,Entidade 060,Transferência,Pago no prazo,9368.99,9410.75,Base sintética,2026-09-15
MOV-00528,2025-12-01,2025-12-15,2026-01-03,Entrada,Aporte,Operações,Entidade 017,Cartão,Pago em atraso,3608.22,3607.7,Base sintética,2026-09-15
MOV-00529,2026-05-01,2026-05-01,2026-04-23,Saída,Marketing,Comercial,Entidade 062,Boleto,Pago no prazo,22896.91,22587.75,Base sintética,2026-09-15
MOV-00530,2026-08-01,2026-08-05,2026-08-01,Entrada,Rendimentos,Tecnologia,Entidade 069,PIX,Pago no prazo,12223.61,12236.54,Base sintética,2026-09-15
MOV-00531,2026-05-01,2026-05-14,2026-05-06,Saída,Fornecedores,Administrativo,Entidade 061,Boleto,Pago no prazo,21675.1,21391.43,Base sintética,2026-09-15
MOV-00532,2026-08-01,2026-08-27,2026-08-21,Saída,Fornecedores,Tecnologia,Entidade 019,Transferência,Pago no prazo,6233.03,6289.88,Base sintética,2026-09-15
MOV-00533,2025-03-01,2025-03-29,,Saída,Marketing,Financeiro,Entidade 085,Transferência,Vencido,513.51,0.0,Base sintética,2026-09-15
MOV-00534,2025-04-01,2025-04-23,2025-04-13,Saída,Tecnologia,Operações,Entidade 007,Cartão,Pago no prazo,3991.9,4006.98,Base sintética,2026-09-15
MOV-00535,2025-10-01,2025-10-21,2025-11-04,Saída,Fornecedores,Administrativo,Entidade 065,Boleto,Pago em atraso,10574.94,10486.23,Base sintética,2026-09-15
MOV-00536,2026-07-01,2026-07-10,,Saída,Fornecedores,Operações,Entidade 008,PIX,Vencido,320.53,0.0,Base sintética,2026-09-15
MOV-00537,2025-10-01,2025-10-25,,Entrada,Aporte,Administrativo,Entidade 040,Cartão,Vencido,1388.99,0.0,Base sintética,2026-09-15
MOV-00538,2026-07-01,2026-07-31,2026-07-21,Saída,Logística,Administrativo,Entidade 046,PIX,Pago no prazo,31877.34,31654.38,Base sintética,2026-09-15
MOV-00539,2025-02-01,2025-02-12,2025-02-12,Saída,Fornecedores,Comercial,Entidade 005,Boleto,Pago no prazo,8426.99,8378.42,Base sintética,2026-09-15
MOV-00540,2026-05-01,2026-05-16,2026-05-12,Saída,Fornecedores,Comercial,Entidade 045,Transferência,Pago no prazo,11148.87,11259.46,Base sintética,2026-09-15
MOV-00541,2026-04-01,2026-04-10,2026-04-09,Entrada,Rendimentos,Comercial,Entidade 049,PIX,Pago no prazo,4637.37,4636.91,Base sintética,2026-09-15
MOV-00542,2025-01-01,2025-01-05,2025-01-04,Saída,Marketing,Financeiro,Entidade 070,Transferência,Pago no prazo,6841.54,6780.72,Base sintética,2026-09-15
MOV-00543,2025-09-01,2025-09-24,2025-09-23,Saída,Folha,Operações,Entidade 037,PIX,Pago no prazo,9261.58,9306.3,Base sintética,2026-09-15
MOV-00544,2025-05-01,2025-05-13,2025-05-05,Saída,Impostos,Administrativo,Entidade 033,Transferência,Pago no prazo,20756.43,20505.15,Base sintética,2026-09-15
MOV-00545,2026-07-01,2026-07-01,2026-07-07,Saída,Impostos,Financeiro,Entidade 032,PIX,Pago em atraso,3845.3,3844.56,Base sintética,2026-09-15
MOV-00546,2025-11-01,2025-11-18,2025-11-18,Saída,Fornecedores,Comercial,Entidade 015,Boleto,Pago no prazo,2729.38,2718.23,Base sintética,2026-09-15
MOV-00547,2025-11-01,2025-11-19,2025-12-05,Saída,Fornecedores,Comercial,Entidade 027,Cartão,Pago em atraso,6599.47,6610.76,Base sintética,2026-09-15
MOV-00548,2026-02-01,2026-02-10,2026-02-03,Entrada,Receita de serviços,Financeiro,Entidade 060,PIX,Pago no prazo,6760.74,6697.04,Base sintética,2026-09-15
MOV-00549,2025-11-01,2025-11-04,2025-10-28,Saída,Marketing,Tecnologia,Entidade 045,Boleto,Pago no prazo,1635.97,1641.35,Base sintética,2026-09-15
MOV-00550,2025-12-01,2025-12-19,2025-12-17,Entrada,Receita de serviços,Operações,Entidade 005,Cartão,Pago no prazo,3741.67,3746.94,Base sintética,2026-09-15
MOV-00551,2025-01-01,2025-01-29,2025-01-28,Saída,Fornecedores,Tecnologia,Entidade 024,Boleto,Pago no prazo,4141.05,4115.91,Base sintética,2026-09-15
MOV-00552,2026-05-01,2026-05-08,2026-05-11,Saída,Infraestrutura,Financeiro,Entidade 069,Transferência,Pago em atraso,18927.84,18907.2,Base sintética,2026-09-15
MOV-00553,2026-07-01,2026-07-10,2026-07-10,Entrada,Receita de serviços,Tecnologia,Entidade 041,Boleto,Pago no prazo,2147.55,2130.73,Base sintética,2026-09-15
MOV-00554,2025-03-01,2025-03-03,2025-02-27,Saída,Tecnologia,Comercial,Entidade 049,Boleto,Pago no prazo,13929.02,13843.56,Base sintética,2026-09-15
MOV-00555,2025-11-01,2025-11-08,2025-11-14,Saída,Folha,Comercial,Entidade 022,Boleto,Pago em atraso,21140.86,21173.53,Base sintética,2026-09-15
MOV-00556,2025-07-01,2025-07-01,2025-06-22,Saída,Marketing,Administrativo,Entidade 046,Cartão,Pago no prazo,5141.32,5102.69,Base sintética,2026-09-15
MOV-00557,2025-11-01,2025-11-27,2025-11-26,Saída,Logística,Comercial,Entidade 052,PIX,Pago no prazo,12109.7,11990.75,Base sintética,2026-09-15
MOV-00558,2025-07-01,2025-07-03,2025-06-27,Saída,Fornecedores,Operações,Entidade 033,Transferência,Pago no prazo,17647.19,17574.55,Base sintética,2026-09-15
MOV-00559,2025-11-01,2025-11-16,2025-11-07,Saída,Marketing,Administrativo,Entidade 048,Boleto,Pago no prazo,1804.66,1808.77,Base sintética,2026-09-15
MOV-00560,2025-05-01,2025-05-08,2025-04-30,Saída,Logística,Operações,Entidade 085,Transferência,Pago no prazo,14045.31,14180.12,Base sintética,2026-09-15
MOV-00561,2026-05-01,2026-05-07,2026-05-15,Saída,Fornecedores,Tecnologia,Entidade 026,Boleto,Pago em atraso,14416.56,14226.53,Base sintética,2026-09-15
MOV-00562,2025-05-01,2025-05-11,2025-05-01,Saída,Impostos,Operações,Entidade 001,Boleto,Pago no prazo,7809.03,7768.1,Base sintética,2026-09-15
MOV-00563,2026-05-01,2026-05-06,2026-05-05,Saída,Marketing,Administrativo,Entidade 041,Boleto,Pago no prazo,9171.81,9206.32,Base sintética,2026-09-15
MOV-00564,2025-03-01,2025-03-14,2025-03-15,Saída,Fornecedores,Administrativo,Entidade 013,Boleto,Pago em atraso,11667.22,11691.18,Base sintética,2026-09-15
MOV-00565,2026-03-01,2026-03-03,2026-02-26,Entrada,Receita de serviços,Financeiro,Entidade 059,Boleto,Pago no prazo,24171.92,24060.18,Base sintética,2026-09-15
MOV-00566,2025-04-01,2025-04-22,2025-04-15,Entrada,Rendimentos,Operações,Entidade 009,Boleto,Pago no prazo,3838.43,3852.48,Base sintética,2026-09-15
MOV-00567,2025-01-01,2025-01-23,,Saída,Infraestrutura,Administrativo,Entidade 070,Transferência,Vencido,526.03,0.0,Base sintética,2026-09-15
MOV-00568,2026-07-01,2026-07-24,2026-07-24,Entrada,Vendas,Financeiro,Entidade 022,Boleto,Pago no prazo,31997.91,31596.0,Base sintética,2026-09-15
MOV-00569,2025-06-01,2025-06-09,2025-06-05,Saída,Folha,Tecnologia,Entidade 074,Boleto,Pago no prazo,19461.13,19519.01,Base sintética,2026-09-15
MOV-00570,2025-09-01,2025-09-16,2025-09-07,Entrada,Vendas,Operações,Entidade 021,Cartão,Pago no prazo,11401.68,11320.7,Base sintética,2026-09-15
MOV-00571,2026-08-01,2026-08-19,2026-08-10,Entrada,Rendimentos,Operações,Entidade 011,Boleto,Pago no prazo,29711.47,29299.74,Base sintética,2026-09-15
MOV-00572,2026-06-01,2026-06-11,2026-06-02,Saída,Logística,Operações,Entidade 016,Transferência,Pago no prazo,2604.63,2580.41,Base sintética,2026-09-15
MOV-00573,2026-04-01,2026-04-03,2026-03-27,Entrada,Receita de serviços,Financeiro,Entidade 015,Cartão,Pago no prazo,1521.36,1535.44,Base sintética,2026-09-15
MOV-00574,2026-06-01,2026-06-11,2026-06-12,Entrada,Vendas,Financeiro,Entidade 008,Boleto,Pago em atraso,1638.17,1634.52,Base sintética,2026-09-15
MOV-00575,2025-07-01,2025-07-20,2025-07-14,Entrada,Rendimentos,Financeiro,Entidade 079,PIX,Pago no prazo,34486.03,34361.04,Base sintética,2026-09-15
MOV-00576,2026-07-01,2026-07-13,2026-07-10,Saída,Fornecedores,Operações,Entidade 074,Boleto,Pago no prazo,9760.6,9701.34,Base sintética,2026-09-15
MOV-00577,2026-07-01,2026-07-17,2026-07-13,Saída,Folha,Tecnologia,Entidade 043,Boleto,Pago no prazo,19534.83,19711.52,Base sintética,2026-09-15
MOV-00578,2026-01-01,2026-01-16,2026-01-24,Entrada,Aporte,Operações,Entidade 037,PIX,Pago em atraso,12192.67,12209.77,Base sintética,2026-09-15
MOV-00579,2025-06-01,2025-06-29,2025-06-21,Entrada,Vendas,Tecnologia,Entidade 069,Transferência,Pago no prazo,4478.98,4467.67,Base sintética,2026-09-15
MOV-00580,2025-04-01,2025-04-10,,Saída,Impostos,Operações,Entidade 018,Transferência,Vencido,433.25,0.0,Base sintética,2026-09-15
MOV-00581,2025-01-01,2025-01-12,2025-01-05,Entrada,Vendas,Operações,Entidade 056,Cartão,Pago no prazo,13630.32,13585.68,Base sintética,2026-09-15
MOV-00582,2025-07-01,2025-07-07,2025-06-27,Saída,Tecnologia,Administrativo,Entidade 036,Boleto,Pago no prazo,6975.22,6990.05,Base sintética,2026-09-15
MOV-00583,2026-05-01,2026-05-24,2026-05-21,Saída,Tecnologia,Operações,Entidade 068,Boleto,Pago no prazo,5634.49,5616.72,Base sintética,2026-09-15
MOV-00584,2026-08-01,2026-08-16,2026-08-08,Entrada,Receita de serviços,Administrativo,Entidade 065,Boleto,Pago no prazo,3504.6,3470.26,Base sintética,2026-09-15
MOV-00585,2025-01-01,2025-01-10,2025-01-06,Entrada,Receita de serviços,Financeiro,Entidade 008,PIX,Pago no prazo,11379.17,11314.39,Base sintética,2026-09-15
MOV-00586,2025-05-01,2025-05-27,2025-06-09,Saída,Impostos,Financeiro,Entidade 003,Boleto,Pago em atraso,6632.99,6537.41,Base sintética,2026-09-15
MOV-00587,2025-07-01,2025-07-18,2025-07-18,Saída,Impostos,Comercial,Entidade 063,Cartão,Pago no prazo,7528.26,7527.23,Base sintética,2026-09-15
MOV-00588,2026-03-01,2026-03-07,2026-02-27,Entrada,Aporte,Tecnologia,Entidade 019,Boleto,Pago no prazo,3788.49,3747.12,Base sintética,2026-09-15
MOV-00589,2026-03-01,2026-03-03,2026-02-25,Entrada,Rendimentos,Administrativo,Entidade 018,PIX,Pago no prazo,6764.91,6803.99,Base sintética,2026-09-15
MOV-00590,2025-01-01,2025-01-19,2025-01-13,Saída,Infraestrutura,Tecnologia,Entidade 041,Cartão,Pago no prazo,8969.81,8928.88,Base sintética,2026-09-15
MOV-00591,2025-07-01,2025-07-09,2025-07-04,Entrada,Receita de serviços,Administrativo,Entidade 082,Cartão,Pago no prazo,4572.79,4552.09,Base sintética,2026-09-15
MOV-00592,2025-07-01,2025-07-15,,Entrada,Vendas,Comercial,Entidade 035,Boleto,Vencido,532.32,0.0,Base sintética,2026-09-15
MOV-00593,2025-10-01,2025-10-20,2025-10-17,Saída,Impostos,Operações,Entidade 028,PIX,Pago no prazo,10740.76,10840.45,Base sintética,2026-09-15
MOV-00594,2026-01-01,2026-01-14,2026-01-14,Saída,Marketing,Administrativo,Entidade 002,Boleto,Pago no prazo,11421.14,11302.69,Base sintética,2026-09-15
MOV-00595,2025-03-01,2025-03-27,2025-03-22,Entrada,Rendimentos,Financeiro,Entidade 016,Cartão,Pago no prazo,7667.43,7593.11,Base sintética,2026-09-15
MOV-00596,2025-11-01,2025-11-18,2025-11-12,Saída,Impostos,Administrativo,Entidade 017,PIX,Pago no prazo,8943.4,8903.11,Base sintética,2026-09-15
MOV-00597,2025-12-01,2025-12-02,2025-11-30,Saída,Infraestrutura,Tecnologia,Entidade 027,PIX,Pago no prazo,12797.69,12628.51,Base sintética,2026-09-15
MOV-00598,2025-12-01,2025-12-12,2025-12-02,Entrada,Rendimentos,Comercial,Entidade 026,Cartão,Pago no prazo,4248.08,4195.19,Base sintética,2026-09-15
MOV-00599,2026-06-01,2026-06-26,2026-07-07,Entrada,Rendimentos,Financeiro,Entidade 067,PIX,Pago em atraso,20055.08,19756.31,Base sintética,2026-09-15
MOV-00600,2025-07-01,2025-07-31,2025-07-28,Entrada,Vendas,Tecnologia,Entidade 055,PIX,Pago no prazo,18432.17,18341.55,Base sintética,2026-09-15
MOV-00601,2025-04-01,2025-04-20,2025-04-12,Saída,Infraestrutura,Financeiro,Entidade 056,PIX,Pago no prazo,9409.63,9446.49,Base sintética,2026-09-15
MOV-00602,2026-06-01,2026-06-17,2026-06-11,Saída,Infraestrutura,Comercial,Entidade 049,Boleto,Pago no prazo,28121.81,27719.15,Base sintética,2026-09-15
MOV-00603,2025-10-01,2025-10-20,2025-10-15,Saída,Tecnologia,Administrativo,Entidade 015,PIX,Pago no prazo,2587.1,2566.64,Base sintética,2026-09-15
MOV-00604,2025-01-01,2025-01-14,2025-01-08,Saída,Infraestrutura,Administrativo,Entidade 081,Cartão,Pago no prazo,13653.98,13476.9,Base sintética,2026-09-15
MOV-00605,2025-06-01,2025-06-10,2025-06-10,Saída,Folha,Administrativo,Entidade 015,PIX,Pago no prazo,26092.99,25763.58,Base sintética,2026-09-15
MOV-00606,2026-06-01,2026-06-28,2026-07-09,Saída,Folha,Financeiro,Entidade 068,PIX,Pago em atraso,5986.07,6025.01,Base sintética,2026-09-15
MOV-00607,2026-07-01,2026-07-15,2026-07-12,Entrada,Aporte,Tecnologia,Entidade 055,Transferência,Pago no prazo,6166.56,6111.87,Base sintética,2026-09-15
MOV-00608,2025-08-01,2025-08-05,2025-07-29,Entrada,Vendas,Administrativo,Entidade 064,Transferência,Pago no prazo,3779.13,3738.0,Base sintética,2026-09-15
MOV-00609,2026-03-01,2026-03-30,2026-03-25,Saída,Fornecedores,Financeiro,Entidade 075,Cartão,Pago no prazo,36373.25,36305.74,Base sintética,2026-09-15
MOV-00610,2025-12-01,2025-12-01,2025-11-29,Entrada,Aporte,Operações,Entidade 058,PIX,Pago no prazo,4431.88,4438.44,Base sintética,2026-09-15
MOV-00611,2026-03-01,2026-03-02,2026-03-02,Entrada,Receita de serviços,Operações,Entidade 081,Boleto,Pago no prazo,11574.25,11462.89,Base sintética,2026-09-15
MOV-00612,2025-07-01,2025-07-11,2025-07-03,Entrada,Receita de serviços,Tecnologia,Entidade 003,Boleto,Pago no prazo,9832.63,9711.88,Base sintética,2026-09-15
MOV-00613,2026-07-01,2026-07-22,2026-07-22,Entrada,Rendimentos,Comercial,Entidade 004,PIX,Pago no prazo,2970.73,2944.02,Base sintética,2026-09-15
MOV-00614,2025-03-01,2025-03-11,2025-03-03,Entrada,Vendas,Tecnologia,Entidade 067,PIX,Pago no prazo,6678.8,6640.99,Base sintética,2026-09-15
MOV-00615,2026-01-01,2026-01-29,2026-01-31,Saída,Impostos,Operações,Entidade 058,Boleto,Pago em atraso,2782.73,2764.71,Base sintética,2026-09-15
MOV-00616,2026-07-01,2026-07-12,,Entrada,Vendas,Operações,Entidade 043,PIX,Vencido,1087.91,0.0,Base sintética,2026-09-15
MOV-00617,2025-01-01,2025-01-27,2025-01-20,Entrada,Rendimentos,Operações,Entidade 041,Boleto,Pago no prazo,22134.07,22078.23,Base sintética,2026-09-15
MOV-00618,2025-10-01,2025-10-28,,Saída,Folha,Financeiro,Entidade 082,PIX,Vencido,400.54,0.0,Base sintética,2026-09-15
MOV-00619,2025-10-01,2025-10-03,2025-09-30,Entrada,Vendas,Comercial,Entidade 032,Transferência,Pago no prazo,7753.23,7740.5,Base sintética,2026-09-15
MOV-00620,2025-10-01,2025-10-03,2025-10-01,Entrada,Rendimentos,Tecnologia,Entidade 018,PIX,Pago no prazo,2970.59,2940.07,Base sintética,2026-09-15
MOV-00621,2026-06-01,2026-06-28,2026-06-27,Saída,Tecnologia,Operações,Entidade 012,PIX,Pago no prazo,7024.71,7012.32,Base sintética,2026-09-15
MOV-00622,2026-07-01,2026-07-27,2026-07-19,Saída,Folha,Operações,Entidade 059,Transferência,Pago no prazo,12327.7,12194.73,Base sintética,2026-09-15
MOV-00623,2026-03-01,2026-03-17,2026-03-09,Entrada,Receita de serviços,Tecnologia,Entidade 005,PIX,Pago no prazo,4120.07,4106.82,Base sintética,2026-09-15
MOV-00624,2026-05-01,2026-05-26,2026-05-23,Saída,Folha,Tecnologia,Entidade 058,Cartão,Pago no prazo,7333.16,7365.31,Base sintética,2026-09-15
MOV-00625,2025-08-01,2025-08-05,2025-08-19,Saída,Fornecedores,Financeiro,Entidade 027,Transferência,Pago em atraso,5596.47,5514.94,Base sintética,2026-09-15
MOV-00626,2025-06-01,2025-06-23,2025-06-15,Saída,Infraestrutura,Administrativo,Entidade 065,Boleto,Pago no prazo,7951.45,7849.31,Base sintética,2026-09-15
MOV-00627,2025-01-01,2025-01-05,2025-01-16,Entrada,Vendas,Financeiro,Entidade 028,PIX,Pago em atraso,19041.51,19013.62,Base sintética,2026-09-15
MOV-00628,2025-10-01,2025-10-22,2025-10-18,Entrada,Aporte,Financeiro,Entidade 057,Cartão,Pago no prazo,11547.55,11408.48,Base sintética,2026-09-15
MOV-00629,2026-03-01,2026-03-28,2026-03-23,Entrada,Vendas,Operações,Entidade 054,PIX,Pago no prazo,7099.61,7039.54,Base sintética,2026-09-15
MOV-00630,2025-10-01,2025-10-07,2025-10-05,Saída,Impostos,Financeiro,Entidade 030,Boleto,Pago no prazo,2829.74,2839.97,Base sintética,2026-09-15
MOV-00631,2025-03-01,2025-03-21,2025-03-16,Entrada,Vendas,Comercial,Entidade 084,PIX,Pago no prazo,5895.47,5925.29,Base sintética,2026-09-15
MOV-00632,2025-07-01,2025-07-31,2025-07-31,Entrada,Aporte,Operações,Entidade 012,PIX,Pago no prazo,25000.06,25136.25,Base sintética,2026-09-15
MOV-00633,2025-03-01,2025-03-08,2025-03-03,Saída,Marketing,Financeiro,Entidade 037,Boleto,Pago no prazo,11217.76,11239.29,Base sintética,2026-09-15
MOV-00634,2025-12-01,2025-12-14,2025-12-08,Saída,Impostos,Comercial,Entidade 036,Boleto,Pago no prazo,6125.41,6096.69,Base sintética,2026-09-15
MOV-00635,2025-07-01,2025-07-03,2025-06-28,Saída,Logística,Financeiro,Entidade 018,Cartão,Pago no prazo,23189.18,23091.55,Base sintética,2026-09-15
MOV-00636,2025-09-01,2025-09-20,2025-09-14,Saída,Tecnologia,Financeiro,Entidade 041,Boleto,Pago no prazo,36308.43,36587.78,Base sintética,2026-09-15
MOV-00637,2026-06-01,2026-06-21,2026-06-12,Saída,Folha,Financeiro,Entidade 004,Cartão,Pago no prazo,5268.09,5264.97,Base sintética,2026-09-15
MOV-00638,2026-06-01,2026-06-04,2026-06-08,Entrada,Aporte,Operações,Entidade 001,PIX,Pago em atraso,27654.78,27363.25,Base sintética,2026-09-15
MOV-00639,2026-07-01,2026-07-02,2026-06-29,Entrada,Vendas,Financeiro,Entidade 041,Boleto,Pago no prazo,14665.25,14501.04,Base sintética,2026-09-15
MOV-00640,2026-05-01,2026-05-11,2026-05-01,Entrada,Rendimentos,Administrativo,Entidade 042,Boleto,Pago no prazo,8972.84,8857.87,Base sintética,2026-09-15
MOV-00641,2026-04-01,2026-04-13,2026-04-08,Saída,Tecnologia,Financeiro,Entidade 082,PIX,Pago no prazo,9374.48,9305.41,Base sintética,2026-09-15
MOV-00642,2025-05-01,2025-05-27,2025-05-24,Saída,Fornecedores,Tecnologia,Entidade 029,PIX,Pago no prazo,10470.01,10516.42,Base sintética,2026-09-15
MOV-00643,2025-03-01,2025-03-22,2025-03-17,Saída,Impostos,Comercial,Entidade 050,PIX,Pago no prazo,2854.84,2876.97,Base sintética,2026-09-15
MOV-00644,2026-05-01,2026-05-19,2026-05-31,Entrada,Receita de serviços,Comercial,Entidade 011,Boleto,Pago em atraso,6782.0,6804.72,Base sintética,2026-09-15
MOV-00645,2025-04-01,2025-04-04,2025-04-03,Saída,Tecnologia,Tecnologia,Entidade 017,Boleto,Pago no prazo,9112.44,9179.77,Base sintética,2026-09-15
MOV-00646,2025-10-01,2025-10-27,,Saída,Logística,Operações,Entidade 031,Cartão,Vencido,1055.22,0.0,Base sintética,2026-09-15
MOV-00647,2025-05-01,2025-05-06,2025-05-05,Saída,Folha,Operações,Entidade 010,PIX,Pago no prazo,5777.87,5754.22,Base sintética,2026-09-15
MOV-00648,2025-06-01,2025-06-07,2025-05-28,Saída,Tecnologia,Comercial,Entidade 078,PIX,Pago no prazo,4880.8,4836.69,Base sintética,2026-09-15
MOV-00649,2025-08-01,2025-08-20,2025-08-24,Entrada,Aporte,Operações,Entidade 045,PIX,Pago em atraso,5056.62,4987.6,Base sintética,2026-09-15
MOV-00650,2026-08-01,2026-08-01,,Saída,Folha,Administrativo,Entidade 036,Transferência,Vencido,972.0,0.0,Base sintética,2026-09-15
MOV-00651,2025-03-01,2025-03-12,2025-03-07,Saída,Logística,Comercial,Entidade 072,PIX,Pago no prazo,2670.3,2675.89,Base sintética,2026-09-15
MOV-00652,2025-06-01,2025-06-22,2025-06-20,Entrada,Vendas,Administrativo,Entidade 026,Boleto,Pago no prazo,18204.7,17985.9,Base sintética,2026-09-15
MOV-00653,2026-01-01,2026-01-06,2025-12-27,Saída,Folha,Operações,Entidade 075,Transferência,Pago no prazo,2700.53,2710.72,Base sintética,2026-09-15
MOV-00654,2025-06-01,2025-06-27,2025-06-27,Entrada,Receita de serviços,Operações,Entidade 085,Boleto,Pago no prazo,18840.36,18966.7,Base sintética,2026-09-15
MOV-00655,2025-02-01,2025-02-10,2025-02-09,Saída,Marketing,Financeiro,Entidade 022,Cartão,Pago no prazo,3498.44,3516.96,Base sintética,2026-09-15
MOV-00656,2025-11-01,2025-11-16,2025-11-08,Saída,Logística,Comercial,Entidade 054,Boleto,Pago no prazo,20744.25,20789.67,Base sintética,2026-09-15
MOV-00657,2025-05-01,2025-05-05,2025-05-01,Entrada,Rendimentos,Tecnologia,Entidade 012,Boleto,Pago no prazo,18768.23,18744.68,Base sintética,2026-09-15
MOV-00658,2026-05-01,2026-05-11,2026-05-06,Entrada,Receita de serviços,Financeiro,Entidade 061,Cartão,Pago no prazo,5522.55,5460.82,Base sintética,2026-09-15
MOV-00659,2026-01-01,2026-01-04,2026-01-13,Saída,Impostos,Administrativo,Entidade 064,Transferência,Pago em atraso,11031.62,11047.59,Base sintética,2026-09-15
MOV-00660,2025-09-01,2025-09-06,,Entrada,Vendas,Financeiro,Entidade 005,Cartão,Vencido,559.3,0.0,Base sintética,2026-09-15
MOV-00661,2025-04-01,2025-04-30,2025-04-23,Saída,Folha,Administrativo,Entidade 050,Boleto,Pago no prazo,1921.8,1915.32,Base sintética,2026-09-15
MOV-00662,2026-07-01,2026-07-17,2026-07-11,Entrada,Rendimentos,Financeiro,Entidade 056,Transferência,Pago no prazo,8677.05,8684.85,Base sintética,2026-09-15
MOV-00663,2026-07-01,2026-07-08,2026-07-05,Saída,Folha,Operações,Entidade 031,Cartão,Pago no prazo,9550.07,9561.12,Base sintética,2026-09-15
MOV-00664,2025-07-01,2025-07-28,2025-07-27,Entrada,Receita de serviços,Tecnologia,Entidade 001,Transferência,Pago no prazo,1174.77,1179.76,Base sintética,2026-09-15
MOV-00665,2025-09-01,2025-09-23,2025-09-20,Saída,Marketing,Operações,Entidade 061,Transferência,Pago no prazo,4543.03,4494.0,Base sintética,2026-09-15
MOV-00666,2025-05-01,2025-05-13,2025-05-07,Entrada,Vendas,Comercial,Entidade 056,PIX,Pago no prazo,3364.66,3348.22,Base sintética,2026-09-15
MOV-00667,2025-02-01,2025-02-23,2025-02-21,Saída,Impostos,Administrativo,Entidade 031,PIX,Pago no prazo,6260.04,6227.96,Base sintética,2026-09-15
MOV-00668,2026-07-01,2026-07-22,2026-07-16,Saída,Logística,Administrativo,Entidade 031,Transferência,Pago no prazo,11730.66,11713.88,Base sintética,2026-09-15
MOV-00669,2025-12-01,2025-12-17,2025-12-11,Saída,Fornecedores,Tecnologia,Entidade 038,PIX,Pago no prazo,9498.67,9382.34,Base sintética,2026-09-15
MOV-00670,2025-02-01,2025-02-19,2025-02-18,Entrada,Vendas,Comercial,Entidade 064,Boleto,Pago no prazo,16516.49,16502.1,Base sintética,2026-09-15
MOV-00671,2025-04-01,2025-04-21,2025-04-16,Saída,Logística,Administrativo,Entidade 024,Boleto,Pago no prazo,3874.44,3905.27,Base sintética,2026-09-15
MOV-00672,2025-07-01,2025-07-28,2025-07-19,Saída,Fornecedores,Administrativo,Entidade 021,PIX,Pago no prazo,3905.66,3874.51,Base sintética,2026-09-15
MOV-00673,2026-07-01,2026-07-18,2026-07-18,Entrada,Aporte,Operações,Entidade 025,Cartão,Pago no prazo,3430.03,3411.83,Base sintética,2026-09-15
MOV-00674,2025-02-01,2025-02-05,2025-02-16,Saída,Logística,Financeiro,Entidade 078,Transferência,Pago em atraso,9379.29,9247.03,Base sintética,2026-09-15
MOV-00675,2025-02-01,2025-02-06,,Entrada,Aporte,Comercial,Entidade 021,Transferência,Vencido,473.46,0.0,Base sintética,2026-09-15
MOV-00676,2025-06-01,2025-06-27,2025-06-19,Entrada,Aporte,Administrativo,Entidade 079,PIX,Pago no prazo,17444.44,17527.57,Base sintética,2026-09-15
MOV-00677,2026-02-01,2026-02-15,,Entrada,Receita de serviços,Tecnologia,Entidade 006,Transferência,Vencido,1503.44,0.0,Base sintética,2026-09-15
MOV-00678,2025-03-01,2025-03-04,2025-03-05,Saída,Tecnologia,Operações,Entidade 017,PIX,Pago em atraso,2022.27,2014.77,Base sintética,2026-09-15
MOV-00679,2026-05-01,2026-05-03,2026-05-02,Saída,Impostos,Tecnologia,Entidade 051,Transferência,Pago no prazo,5648.41,5636.05,Base sintética,2026-09-15
MOV-00680,2025-10-01,2025-10-10,2025-10-01,Entrada,Rendimentos,Comercial,Entidade 020,Boleto,Pago no prazo,11125.31,11019.16,Base sintética,2026-09-15
MOV-00681,2025-12-01,2025-12-29,2025-12-22,Entrada,Receita de serviços,Financeiro,Entidade 027,PIX,Pago no prazo,17007.53,16780.17,Base sintética,2026-09-15
MOV-00682,2026-01-01,2026-01-30,2026-01-27,Entrada,Rendimentos,Administrativo,Entidade 026,Cartão,Pago no prazo,28123.93,28276.01,Base sintética,2026-09-15
MOV-00683,2025-08-01,2025-08-08,2025-07-30,Entrada,Vendas,Tecnologia,Entidade 074,PIX,Pago no prazo,51939.21,52314.45,Base sintética,2026-09-15
MOV-00684,2025-12-01,2025-12-14,2025-12-04,Entrada,Vendas,Comercial,Entidade 062,Cartão,Pago no prazo,5234.7,5198.04,Base sintética,2026-09-15
MOV-00685,2025-12-01,2025-12-16,2025-12-11,Entrada,Receita de serviços,Tecnologia,Entidade 017,Cartão,Pago no prazo,20979.9,20689.35,Base sintética,2026-09-15
MOV-00686,2025-03-01,2025-03-06,2025-03-01,Saída,Tecnologia,Administrativo,Entidade 043,PIX,Pago no prazo,19920.6,19651.94,Base sintética,2026-09-15
MOV-00687,2025-01-01,2025-01-10,2025-01-25,Saída,Folha,Comercial,Entidade 033,Boleto,Pago em atraso,3179.08,3173.81,Base sintética,2026-09-15
MOV-00688,2025-10-01,2025-10-30,2025-10-25,Saída,Folha,Financeiro,Entidade 085,Boleto,Pago no prazo,10731.31,10602.45,Base sintética,2026-09-15
MOV-00689,2026-06-01,2026-06-18,2026-06-18,Saída,Folha,Tecnologia,Entidade 059,Transferência,Pago no prazo,5676.41,5635.38,Base sintética,2026-09-15
MOV-00690,2025-06-01,2025-06-10,2025-06-04,Saída,Folha,Tecnologia,Entidade 083,Cartão,Pago no prazo,7266.36,7220.55,Base sintética,2026-09-15
MOV-00691,2025-03-01,2025-03-08,2025-03-10,Entrada,Receita de serviços,Administrativo,Entidade 023,Cartão,Pago em atraso,4290.39,4235.9,Base sintética,2026-09-15
MOV-00692,2025-03-01,2025-03-22,2025-03-17,Entrada,Aporte,Financeiro,Entidade 016,PIX,Pago no prazo,6237.21,6248.34,Base sintética,2026-09-15
MOV-00693,2025-10-01,2025-10-14,2025-10-04,Saída,Logística,Tecnologia,Entidade 071,Boleto,Pago no prazo,4859.41,4898.67,Base sintética,2026-09-15
MOV-00694,2026-06-01,2026-06-13,2026-06-08,Entrada,Receita de serviços,Financeiro,Entidade 080,Transferência,Pago no prazo,4466.6,4457.24,Base sintética,2026-09-15
MOV-00695,2025-10-01,2025-10-15,2025-10-06,Saída,Tecnologia,Comercial,Entidade 080,Boleto,Pago no prazo,854.45,862.77,Base sintética,2026-09-15
MOV-00696,2026-08-01,2026-08-26,,Entrada,Rendimentos,Financeiro,Entidade 016,PIX,Vencido,697.13,0.0,Base sintética,2026-09-15
MOV-00697,2026-08-01,2026-08-27,,Saída,Logística,Tecnologia,Entidade 048,Boleto,Vencido,390.76,0.0,Base sintética,2026-09-15
MOV-00698,2025-12-01,2025-12-11,2025-12-11,Entrada,Aporte,Comercial,Entidade 025,Transferência,Pago no prazo,53232.37,52988.53,Base sintética,2026-09-15
MOV-00699,2025-10-01,2025-10-19,2025-10-12,Entrada,Vendas,Operações,Entidade 072,Cartão,Pago no prazo,3504.46,3479.91,Base sintética,2026-09-15
MOV-00700,2025-11-01,2025-11-14,2025-11-05,Saída,Fornecedores,Tecnologia,Entidade 077,PIX,Pago no prazo,4997.62,5007.6,Base sintética,2026-09-15
MOV-00701,2026-03-01,2026-03-24,2026-03-15,Entrada,Receita de serviços,Comercial,Entidade 011,Transferência,Pago no prazo,5322.37,5252.46,Base sintética,2026-09-15
MOV-00702,2025-06-01,2025-06-30,2025-06-25,Entrada,Aporte,Financeiro,Entidade 057,PIX,Pago no prazo,13019.63,12868.35,Base sintética,2026-09-15
MOV-00703,2025-04-01,2025-04-02,2025-03-27,Entrada,Vendas,Tecnologia,Entidade 071,Transferência,Pago no prazo,20442.04,20404.03,Base sintética,2026-09-15
MOV-00704,2025-06-01,2025-06-25,2025-06-21,Saída,Marketing,Financeiro,Entidade 070,Cartão,Pago no prazo,2511.38,2484.65,Base sintética,2026-09-15
MOV-00705,2025-10-01,2025-10-07,2025-10-03,Saída,Tecnologia,Comercial,Entidade 069,Transferência,Pago no prazo,4218.44,4213.2,Base sintética,2026-09-15
MOV-00706,2025-12-01,2025-12-08,2025-12-03,Saída,Logística,Tecnologia,Entidade 018,Cartão,Pago no prazo,2624.45,2604.45,Base sintética,2026-09-15
MOV-00707,2025-01-01,2025-01-11,,Entrada,Receita de serviços,Operações,Entidade 074,Cartão,Vencido,901.1,0.0,Base sintética,2026-09-15
MOV-00708,2025-02-01,2025-02-21,2025-02-18,Entrada,Vendas,Comercial,Entidade 008,Boleto,Pago no prazo,3224.17,3210.23,Base sintética,2026-09-15
MOV-00709,2026-04-01,2026-04-11,2026-04-06,Saída,Marketing,Operações,Entidade 072,Boleto,Pago no prazo,4036.19,3976.36,Base sintética,2026-09-15
MOV-00710,2026-06-01,2026-06-29,2026-06-22,Saída,Logística,Financeiro,Entidade 055,Cartão,Pago no prazo,6430.18,6354.17,Base sintética,2026-09-15
MOV-00711,2025-10-01,2025-10-26,2025-10-18,Entrada,Rendimentos,Financeiro,Entidade 015,Boleto,Pago no prazo,8119.73,8012.12,Base sintética,2026-09-15
MOV-00712,2025-05-01,2025-05-17,2025-05-11,Entrada,Receita de serviços,Operações,Entidade 082,PIX,Pago no prazo,8927.2,8887.14,Base sintética,2026-09-15
MOV-00713,2025-03-01,2025-03-01,2025-02-19,Saída,Impostos,Comercial,Entidade 009,Cartão,Pago no prazo,21288.34,21012.24,Base sintética,2026-09-15
MOV-00714,2025-10-01,2025-10-12,2025-10-03,Saída,Tecnologia,Financeiro,Entidade 057,Cartão,Pago no prazo,4255.78,4202.79,Base sintética,2026-09-15
MOV-00715,2026-01-01,2026-01-28,2026-01-24,Entrada,Receita de serviços,Administrativo,Entidade 019,Boleto,Pago no prazo,2902.06,2886.35,Base sintética,2026-09-15
MOV-00716,2025-08-01,2025-08-28,2025-08-20,Entrada,Rendimentos,Tecnologia,Entidade 007,PIX,Pago no prazo,7197.3,7139.46,Base sintética,2026-09-15
MOV-00717,2025-08-01,2025-08-07,2025-08-25,Saída,Folha,Operações,Entidade 055,Transferência,Pago em atraso,5926.66,5892.5,Base sintética,2026-09-15
MOV-00718,2025-12-01,2025-12-28,2025-12-18,Entrada,Receita de serviços,Administrativo,Entidade 050,Transferência,Pago no prazo,4255.95,4250.37,Base sintética,2026-09-15
MOV-00719,2025-02-01,2025-02-24,2025-02-22,Saída,Marketing,Tecnologia,Entidade 011,Boleto,Pago no prazo,2564.2,2581.9,Base sintética,2026-09-15
MOV-00720,2026-06-01,2026-06-16,2026-07-05,Entrada,Aporte,Operações,Entidade 077,PIX,Pago em atraso,12122.1,12078.75,Base sintética,2026-09-15
MOV-00721,2025-10-01,2025-10-19,2025-10-15,Entrada,Receita de serviços,Tecnologia,Entidade 045,Transferência,Pago no prazo,8022.04,7987.67,Base sintética,2026-09-15
MOV-00722,2025-01-01,2025-01-20,2025-01-18,Saída,Infraestrutura,Operações,Entidade 003,Cartão,Pago no prazo,76807.75,75760.22,Base sintética,2026-09-15
MOV-00723,2026-02-01,2026-02-14,2026-02-09,Entrada,Rendimentos,Tecnologia,Entidade 071,PIX,Pago no prazo,17710.68,17526.11,Base sintética,2026-09-15
MOV-00724,2025-12-01,2025-12-15,,Entrada,Vendas,Administrativo,Entidade 030,Transferência,Vencido,430.19,0.0,Base sintética,2026-09-15
MOV-00725,2025-09-01,2025-09-14,2025-09-14,Entrada,Vendas,Tecnologia,Entidade 010,Cartão,Pago no prazo,6594.63,6613.53,Base sintética,2026-09-15
MOV-00726,2025-01-01,2025-01-27,2025-02-04,Entrada,Vendas,Financeiro,Entidade 004,Transferência,Pago em atraso,6368.89,6283.89,Base sintética,2026-09-15
MOV-00727,2025-06-01,2025-06-08,2025-05-31,Entrada,Receita de serviços,Financeiro,Entidade 082,Cartão,Pago no prazo,7062.95,6988.35,Base sintética,2026-09-15
MOV-00728,2025-02-01,2025-02-26,2025-02-26,Entrada,Rendimentos,Operações,Entidade 072,Boleto,Pago no prazo,3352.84,3348.81,Base sintética,2026-09-15
MOV-00729,2025-09-01,2025-09-17,2025-09-14,Saída,Logística,Administrativo,Entidade 017,PIX,Pago no prazo,23364.99,23186.53,Base sintética,2026-09-15
MOV-00730,2025-01-01,2025-01-13,2025-02-01,Saída,Infraestrutura,Operações,Entidade 038,Cartão,Pago em atraso,2758.55,2736.32,Base sintética,2026-09-15
MOV-00731,2025-11-01,2025-11-18,2025-11-10,Saída,Infraestrutura,Financeiro,Entidade 067,Transferência,Pago no prazo,8698.49,8640.54,Base sintética,2026-09-15
MOV-00732,2025-04-01,2025-04-24,2025-05-08,Saída,Logística,Tecnologia,Entidade 077,Cartão,Pago em atraso,1561.7,1576.5,Base sintética,2026-09-15
MOV-00733,2025-03-01,2025-03-23,2025-03-17,Saída,Impostos,Comercial,Entidade 029,Boleto,Pago no prazo,5532.79,5536.82,Base sintética,2026-09-15
MOV-00734,2026-04-01,2026-04-04,,Entrada,Vendas,Operações,Entidade 011,Transferência,Vencido,553.47,0.0,Base sintética,2026-09-15
MOV-00735,2025-10-01,2025-10-10,2025-10-05,Entrada,Vendas,Tecnologia,Entidade 004,Cartão,Pago no prazo,12042.89,11996.83,Base sintética,2026-09-15
MOV-00736,2025-02-01,2025-02-24,2025-03-04,Saída,Logística,Comercial,Entidade 019,PIX,Pago em atraso,16543.84,16420.61,Base sintética,2026-09-15
MOV-00737,2026-05-01,2026-05-24,2026-05-19,Saída,Infraestrutura,Comercial,Entidade 040,Transferência,Pago no prazo,11391.33,11266.12,Base sintética,2026-09-15
MOV-00738,2025-05-01,2025-05-23,2025-05-22,Entrada,Vendas,Comercial,Entidade 070,Boleto,Pago no prazo,19469.78,19286.91,Base sintética,2026-09-15
MOV-00739,2025-10-01,2025-10-30,2025-10-27,Saída,Tecnologia,Financeiro,Entidade 031,Cartão,Pago no prazo,24853.55,25100.65,Base sintética,2026-09-15
MOV-00740,2025-11-01,2025-11-21,2025-11-15,Entrada,Receita de serviços,Tecnologia,Entidade 003,Cartão,Pago no prazo,10507.86,10581.18,Base sintética,2026-09-15
MOV-00741,2025-03-01,2025-03-14,2025-03-12,Entrada,Receita de serviços,Financeiro,Entidade 063,Transferência,Pago no prazo,3034.3,3035.68,Base sintética,2026-09-15
MOV-00742,2025-08-01,2025-08-24,2025-08-14,Saída,Folha,Tecnologia,Entidade 001,Boleto,Pago no prazo,10319.06,10401.23,Base sintética,2026-09-15
MOV-00743,2026-06-01,2026-06-12,2026-06-09,Saída,Marketing,Administrativo,Entidade 078,Cartão,Pago no prazo,7526.42,7518.84,Base sintética,2026-09-15
MOV-00744,2025-03-01,2025-03-12,2025-03-05,Entrada,Rendimentos,Tecnologia,Entidade 072,Boleto,Pago no prazo,14268.37,14222.1,Base sintética,2026-09-15
MOV-00745,2026-07-01,2026-07-13,2026-07-05,Entrada,Receita de serviços,Operações,Entidade 073,PIX,Pago no prazo,3495.68,3511.92,Base sintética,2026-09-15
MOV-00746,2025-10-01,2025-10-06,2025-09-26,Saída,Infraestrutura,Tecnologia,Entidade 078,PIX,Pago no prazo,8300.33,8211.36,Base sintética,2026-09-15
MOV-00747,2025-08-01,2025-08-27,,Entrada,Vendas,Administrativo,Entidade 073,Transferência,Vencido,834.73,0.0,Base sintética,2026-09-15
MOV-00748,2026-01-01,2026-01-04,,Saída,Folha,Operações,Entidade 050,Boleto,Vencido,1054.15,0.0,Base sintética,2026-09-15
MOV-00749,2026-04-01,2026-04-01,2026-04-16,Entrada,Rendimentos,Financeiro,Entidade 067,Transferência,Pago em atraso,8434.15,8347.62,Base sintética,2026-09-15
MOV-00750,2025-11-01,2025-11-28,2025-11-25,Entrada,Receita de serviços,Financeiro,Entidade 023,Cartão,Pago no prazo,6410.92,6469.5,Base sintética,2026-09-15
MOV-00751,2025-04-01,2025-04-14,2025-04-11,Entrada,Aporte,Comercial,Entidade 043,Transferência,Pago no prazo,17062.85,16882.03,Base sintética,2026-09-15
MOV-00752,2025-09-01,2025-09-05,2025-09-03,Saída,Folha,Tecnologia,Entidade 060,Boleto,Pago no prazo,1843.42,1822.32,Base sintética,2026-09-15
MOV-00753,2025-10-01,2025-10-14,2025-10-11,Saída,Folha,Administrativo,Entidade 016,Boleto,Pago no prazo,11957.19,12073.17,Base sintética,2026-09-15
MOV-00754,2025-12-01,2025-12-12,2025-12-08,Entrada,Rendimentos,Comercial,Entidade 041,PIX,Pago no prazo,6243.42,6272.86,Base sintética,2026-09-15
MOV-00755,2025-10-01,2025-10-25,2025-10-23,Saída,Infraestrutura,Comercial,Entidade 005,Boleto,Pago no prazo,3979.37,3983.33,Base sintética,2026-09-15
MOV-00756,2025-02-01,2025-02-05,,Saída,Tecnologia,Administrativo,Entidade 074,Cartão,Vencido,770.09,0.0,Base sintética,2026-09-15
MOV-00757,2025-04-01,2025-04-13,2025-04-08,Entrada,Rendimentos,Administrativo,Entidade 050,Cartão,Pago no prazo,5097.78,5136.94,Base sintética,2026-09-15
MOV-00758,2026-01-01,2026-01-23,2026-01-17,Entrada,Rendimentos,Operações,Entidade 008,Boleto,Pago no prazo,5471.5,5479.27,Base sintética,2026-09-15
MOV-00759,2025-08-01,2025-08-27,2025-08-25,Entrada,Vendas,Tecnologia,Entidade 061,Transferência,Pago no prazo,15443.34,15406.37,Base sintética,2026-09-15
MOV-00760,2025-12-01,2025-12-15,2025-12-12,Entrada,Receita de serviços,Tecnologia,Entidade 036,Cartão,Pago no prazo,10202.05,10270.37,Base sintética,2026-09-15
MOV-00761,2026-04-01,2026-04-01,2026-04-01,Entrada,Rendimentos,Operações,Entidade 061,PIX,Pago no prazo,2758.52,2749.36,Base sintética,2026-09-15
MOV-00762,2026-01-01,2026-01-14,2026-01-11,Saída,Logística,Financeiro,Entidade 064,Boleto,Pago no prazo,6911.78,6857.44,Base sintética,2026-09-15
MOV-00763,2026-02-01,2026-02-08,2026-02-27,Entrada,Vendas,Administrativo,Entidade 035,Transferência,Pago em atraso,6033.29,6061.9,Base sintética,2026-09-15
MOV-00764,2025-09-01,2025-09-29,2025-09-29,Entrada,Aporte,Financeiro,Entidade 022,Boleto,Pago no prazo,2589.8,2590.11,Base sintética,2026-09-15
MOV-00765,2025-08-01,2025-08-23,2025-08-20,Entrada,Vendas,Comercial,Entidade 001,Transferência,Pago no prazo,9685.28,9597.57,Base sintética,2026-09-15
MOV-00766,2025-02-01,2025-02-06,2025-01-29,Saída,Folha,Tecnologia,Entidade 034,Transferência,Pago no prazo,6766.63,6713.81,Base sintética,2026-09-15
MOV-00767,2025-03-01,2025-03-17,2025-03-15,Entrada,Vendas,Operações,Entidade 057,Transferência,Pago no prazo,26977.26,26845.51,Base sintética,2026-09-15
MOV-00768,2026-01-01,2026-01-15,2026-01-13,Entrada,Receita de serviços,Financeiro,Entidade 080,Cartão,Pago no prazo,9242.72,9165.0,Base sintética,2026-09-15
MOV-00769,2025-03-01,2025-03-01,2025-02-22,Entrada,Receita de serviços,Financeiro,Entidade 074,PIX,Pago no prazo,12584.01,12543.43,Base sintética,2026-09-15
MOV-00770,2025-07-01,2025-07-08,2025-06-28,Entrada,Rendimentos,Tecnologia,Entidade 060,Boleto,Pago no prazo,16643.63,16405.13,Base sintética,2026-09-15
MOV-00771,2026-07-01,2026-07-24,2026-07-14,Saída,Marketing,Tecnologia,Entidade 042,PIX,Pago no prazo,32460.04,32176.27,Base sintética,2026-09-15
MOV-00772,2025-05-01,2025-05-16,2025-05-07,Saída,Impostos,Tecnologia,Entidade 022,Boleto,Pago no prazo,10777.97,10838.86,Base sintética,2026-09-15
MOV-00773,2025-10-01,2025-10-23,2025-10-21,Saída,Impostos,Operações,Entidade 067,Transferência,Pago no prazo,8215.36,8094.82,Base sintética,2026-09-15
MOV-00774,2026-07-01,2026-07-19,2026-07-18,Entrada,Vendas,Comercial,Entidade 080,Transferência,Pago no prazo,2415.15,2425.0,Base sintética,2026-09-15
MOV-00775,2025-12-01,2025-12-10,2025-12-15,Entrada,Aporte,Tecnologia,Entidade 077,Cartão,Pago em atraso,3235.2,3199.58,Base sintética,2026-09-15
MOV-00776,2025-10-01,2025-10-14,,Saída,Impostos,Tecnologia,Entidade 032,Boleto,Vencido,421.84,0.0,Base sintética,2026-09-15
MOV-00777,2026-07-01,2026-07-02,2026-06-27,Entrada,Vendas,Operações,Entidade 083,Cartão,Pago no prazo,11701.53,11736.35,Base sintética,2026-09-15
MOV-00778,2026-05-01,2026-05-26,2026-06-03,Entrada,Receita de serviços,Tecnologia,Entidade 007,Cartão,Pago em atraso,7246.76,7144.28,Base sintética,2026-09-15
MOV-00779,2026-06-01,2026-06-23,,Saída,Impostos,Comercial,Entidade 022,Cartão,Vencido,460.56,0.0,Base sintética,2026-09-15
MOV-00780,2025-09-01,2025-09-15,2025-10-03,Entrada,Vendas,Comercial,Entidade 071,Cartão,Pago em atraso,9270.67,9259.12,Base sintética,2026-09-15
MOV-00781,2025-03-01,2025-03-27,2025-04-03,Saída,Infraestrutura,Tecnologia,Entidade 070,PIX,Pago em atraso,40091.14,39660.73,Base sintética,2026-09-15
MOV-00782,2025-03-01,2025-03-03,2025-02-24,Entrada,Aporte,Tecnologia,Entidade 014,PIX,Pago no prazo,13001.63,13129.08,Base sintética,2026-09-15
MOV-00783,2025-06-01,2025-06-26,2025-06-24,Entrada,Rendimentos,Tecnologia,Entidade 072,Transferência,Pago no prazo,9174.82,9198.26,Base sintética,2026-09-15
MOV-00784,2026-04-01,2026-04-21,2026-04-20,Saída,Tecnologia,Administrativo,Entidade 015,PIX,Pago no prazo,2716.35,2710.09,Base sintética,2026-09-15
MOV-00785,2026-08-01,2026-08-27,,Saída,Tecnologia,Operações,Entidade 023,Transferência,Vencido,415.92,0.0,Base sintética,2026-09-15
MOV-00786,2025-12-01,2025-12-01,2025-11-28,Entrada,Aporte,Tecnologia,Entidade 043,PIX,Pago no prazo,7792.52,7825.19,Base sintética,2026-09-15
MOV-00787,2026-02-01,2026-02-24,2026-02-18,Saída,Fornecedores,Financeiro,Entidade 038,Transferência,Pago no prazo,21102.09,20972.66,Base sintética,2026-09-15
MOV-00788,2026-04-01,2026-04-04,2026-04-14,Entrada,Vendas,Financeiro,Entidade 004,Boleto,Pago em atraso,12796.01,12704.07,Base sintética,2026-09-15
MOV-00789,2026-01-01,2026-01-06,2026-01-22,Saída,Impostos,Financeiro,Entidade 081,Transferência,Pago em atraso,13102.43,13065.58,Base sintética,2026-09-15
MOV-00790,2026-02-01,2026-02-17,2026-02-14,Entrada,Aporte,Operações,Entidade 014,Transferência,Pago no prazo,3253.37,3212.73,Base sintética,2026-09-15
MOV-00791,2025-03-01,2025-03-11,2025-03-09,Entrada,Aporte,Comercial,Entidade 083,Transferência,Pago no prazo,16951.66,16779.96,Base sintética,2026-09-15
MOV-00792,2026-01-01,2026-01-20,2026-01-14,Saída,Impostos,Tecnologia,Entidade 008,PIX,Pago no prazo,8778.89,8847.46,Base sintética,2026-09-15
MOV-00793,2026-03-01,2026-03-03,2026-02-24,Saída,Tecnologia,Financeiro,Entidade 041,PIX,Pago no prazo,2344.04,2326.94,Base sintética,2026-09-15
MOV-00794,2025-09-01,2025-09-08,2025-09-04,Saída,Infraestrutura,Tecnologia,Entidade 019,Cartão,Pago no prazo,20809.68,20690.2,Base sintética,2026-09-15
MOV-00795,2025-11-01,2025-11-04,2025-10-26,Saída,Fornecedores,Operações,Entidade 040,Cartão,Pago no prazo,8646.63,8628.04,Base sintética,2026-09-15
MOV-00796,2026-01-01,2026-01-08,2026-01-05,Entrada,Rendimentos,Comercial,Entidade 038,Transferência,Pago no prazo,2748.46,2758.83,Base sintética,2026-09-15
MOV-00797,2025-02-01,2025-02-13,2025-02-07,Entrada,Aporte,Operações,Entidade 078,Transferência,Pago no prazo,10160.43,10139.11,Base sintética,2026-09-15
MOV-00798,2025-11-01,2025-11-26,2025-11-26,Saída,Tecnologia,Financeiro,Entidade 035,PIX,Pago no prazo,11398.1,11372.47,Base sintética,2026-09-15
MOV-00799,2025-11-01,2025-11-03,2025-11-02,Saída,Marketing,Operações,Entidade 031,Cartão,Pago no prazo,17135.79,17195.4,Base sintética,2026-09-15
MOV-00800,2025-02-01,2025-02-17,2025-02-12,Saída,Tecnologia,Administrativo,Entidade 067,Transferência,Pago no prazo,1355.31,1343.27,Base sintética,2026-09-15
MOV-00801,2026-03-01,2026-03-02,2026-02-20,Entrada,Receita de serviços,Administrativo,Entidade 052,PIX,Pago no prazo,16238.7,16174.89,Base sintética,2026-09-15
MOV-00802,2025-05-01,2025-05-25,2025-06-07,Entrada,Aporte,Comercial,Entidade 075,Boleto,Pago em atraso,4252.48,4258.52,Base sintética,2026-09-15
MOV-00803,2025-04-01,2025-04-11,2025-04-03,Saída,Tecnologia,Operações,Entidade 015,PIX,Pago no prazo,6089.08,6090.92,Base sintética,2026-09-15
MOV-00804,2025-09-01,2025-09-15,2025-09-13,Saída,Marketing,Tecnologia,Entidade 073,Boleto,Pago no prazo,20625.69,20775.09,Base sintética,2026-09-15
MOV-00805,2026-01-01,2026-01-15,2026-01-20,Saída,Folha,Financeiro,Entidade 018,PIX,Pago em atraso,3638.03,3624.19,Base sintética,2026-09-15
MOV-00806,2026-02-01,2026-02-18,2026-02-16,Saída,Marketing,Financeiro,Entidade 065,Cartão,Pago no prazo,2877.92,2882.81,Base sintética,2026-09-15
MOV-00807,2025-11-01,2025-11-13,2025-11-07,Entrada,Rendimentos,Comercial,Entidade 063,Boleto,Pago no prazo,4540.85,4554.2,Base sintética,2026-09-15
MOV-00808,2025-01-01,2025-01-28,2025-01-24,Entrada,Rendimentos,Administrativo,Entidade 058,Transferência,Pago no prazo,4361.45,4338.18,Base sintética,2026-09-15
MOV-00809,2026-02-01,2026-02-18,2026-02-18,Saída,Fornecedores,Administrativo,Entidade 017,Cartão,Pago no prazo,1371.38,1365.75,Base sintética,2026-09-15
MOV-00810,2025-06-01,2025-06-16,2025-06-16,Entrada,Rendimentos,Financeiro,Entidade 047,Transferência,Pago no prazo,3160.74,3127.59,Base sintética,2026-09-15
MOV-00811,2026-03-01,2026-03-28,2026-04-14,Entrada,Receita de serviços,Financeiro,Entidade 039,Cartão,Pago em atraso,4503.5,4501.7,Base sintética,2026-09-15
MOV-00812,2025-08-01,2025-08-08,2025-07-29,Entrada,Rendimentos,Financeiro,Entidade 070,Cartão,Pago no prazo,25957.55,25707.85,Base sintética,2026-09-15
MOV-00813,2026-06-01,2026-06-19,2026-06-27,Entrada,Vendas,Tecnologia,Entidade 034,PIX,Pago em atraso,7744.07,7809.27,Base sintética,2026-09-15
MOV-00814,2025-01-01,2025-01-06,2024-12-28,Entrada,Aporte,Tecnologia,Entidade 052,Transferência,Pago no prazo,13986.45,13842.91,Base sintética,2026-09-15
MOV-00815,2025-04-01,2025-04-25,2025-04-16,Entrada,Aporte,Tecnologia,Entidade 033,Cartão,Pago no prazo,11430.29,11336.66,Base sintética,2026-09-15
MOV-00816,2025-11-01,2025-11-28,2025-11-18,Entrada,Vendas,Financeiro,Entidade 081,Cartão,Pago no prazo,12038.66,12140.86,Base sintética,2026-09-15
MOV-00817,2026-02-01,2026-02-06,2026-02-01,Saída,Fornecedores,Tecnologia,Entidade 067,Boleto,Pago no prazo,8063.17,8048.59,Base sintética,2026-09-15
MOV-00818,2025-08-01,2025-08-15,2025-08-06,Entrada,Rendimentos,Administrativo,Entidade 027,Transferência,Pago no prazo,4424.64,4387.53,Base sintética,2026-09-15
MOV-00819,2026-06-01,2026-06-25,2026-06-24,Entrada,Aporte,Financeiro,Entidade 018,PIX,Pago no prazo,3940.05,3904.19,Base sintética,2026-09-15
MOV-00820,2026-07-01,2026-07-03,2026-06-24,Entrada,Vendas,Comercial,Entidade 072,Cartão,Pago no prazo,7028.41,7098.67,Base sintética,2026-09-15
MOV-00821,2025-06-01,2025-06-02,2025-05-28,Entrada,Rendimentos,Administrativo,Entidade 029,Transferência,Pago no prazo,10132.59,10052.44,Base sintética,2026-09-15
MOV-00822,2026-05-01,2026-05-25,2026-05-23,Saída,Impostos,Comercial,Entidade 066,Transferência,Pago no prazo,12101.45,12088.39,Base sintética,2026-09-15
MOV-00823,2025-02-01,2025-02-11,2025-02-10,Entrada,Vendas,Tecnologia,Entidade 007,PIX,Pago no prazo,7590.96,7625.05,Base sintética,2026-09-15
MOV-00824,2025-01-01,2025-01-16,2025-01-07,Entrada,Rendimentos,Operações,Entidade 043,Transferência,Pago no prazo,34531.01,34868.66,Base sintética,2026-09-15
MOV-00825,2025-02-01,2025-02-08,2025-01-31,Saída,Infraestrutura,Operações,Entidade 012,Boleto,Pago no prazo,4539.39,4483.88,Base sintética,2026-09-15
MOV-00826,2025-08-01,2025-08-05,2025-08-03,Saída,Infraestrutura,Financeiro,Entidade 054,Boleto,Pago no prazo,7954.0,8018.71,Base sintética,2026-09-15
MOV-00827,2025-02-01,2025-02-25,2025-02-19,Entrada,Aporte,Operações,Entidade 012,Cartão,Pago no prazo,1050.4,1059.8,Base sintética,2026-09-15
MOV-00828,2026-04-01,2026-04-29,2026-04-23,Entrada,Aporte,Financeiro,Entidade 029,Boleto,Pago no prazo,6419.56,6385.33,Base sintética,2026-09-15
MOV-00829,2026-08-01,2026-08-01,2026-07-25,Saída,Logística,Tecnologia,Entidade 076,Boleto,Pago no prazo,4317.31,4265.56,Base sintética,2026-09-15
MOV-00830,2025-12-01,2025-12-26,2025-12-18,Entrada,Aporte,Operações,Entidade 002,Cartão,Pago no prazo,11431.47,11441.98,Base sintética,2026-09-15
MOV-00831,2025-12-01,2025-12-15,2025-12-13,Entrada,Receita de serviços,Administrativo,Entidade 002,Boleto,Pago no prazo,7059.45,7123.22,Base sintética,2026-09-15
MOV-00832,2025-03-01,2025-03-05,2025-03-03,Entrada,Vendas,Operações,Entidade 025,PIX,Pago no prazo,2029.4,2028.67,Base sintética,2026-09-15
MOV-00833,2025-01-01,2025-01-11,2025-01-05,Entrada,Receita de serviços,Operações,Entidade 002,Boleto,Pago no prazo,8878.96,8945.02,Base sintética,2026-09-15
MOV-00834,2025-12-01,2025-12-08,2025-12-08,Entrada,Rendimentos,Financeiro,Entidade 024,Boleto,Pago no prazo,8381.81,8463.42,Base sintética,2026-09-15
MOV-00835,2025-11-01,2025-11-01,2025-10-30,Entrada,Vendas,Administrativo,Entidade 007,Cartão,Pago no prazo,11915.61,11790.45,Base sintética,2026-09-15
MOV-00836,2025-09-01,2025-09-26,2025-09-20,Saída,Logística,Operações,Entidade 061,PIX,Pago no prazo,17061.16,17098.33,Base sintética,2026-09-15
MOV-00837,2025-11-01,2025-11-22,2025-11-19,Entrada,Vendas,Tecnologia,Entidade 021,Cartão,Pago no prazo,2895.54,2908.89,Base sintética,2026-09-15
MOV-00838,2025-12-01,2025-12-05,2025-12-25,Entrada,Aporte,Administrativo,Entidade 056,Transferência,Pago em atraso,6043.66,6102.58,Base sintética,2026-09-15
MOV-00839,2025-06-01,2025-06-25,2025-06-20,Entrada,Receita de serviços,Operações,Entidade 059,PIX,Pago no prazo,16254.38,16308.51,Base sintética,2026-09-15
MOV-00840,2026-08-01,2026-08-20,2026-08-20,Entrada,Vendas,Financeiro,Entidade 032,Boleto,Pago no prazo,18042.54,18157.54,Base sintética,2026-09-15
MOV-00841,2025-09-01,2025-09-03,2025-08-26,Entrada,Receita de serviços,Administrativo,Entidade 008,PIX,Pago no prazo,8107.87,8100.94,Base sintética,2026-09-15
MOV-00842,2026-01-01,2026-01-30,,Saída,Infraestrutura,Comercial,Entidade 038,Boleto,Vencido,200.65,0.0,Base sintética,2026-09-15
MOV-00843,2025-06-01,2025-06-07,2025-05-29,Entrada,Rendimentos,Comercial,Entidade 008,Transferência,Pago no prazo,4154.27,4167.27,Base sintética,2026-09-15
MOV-00844,2025-09-01,2025-09-20,2025-09-17,Saída,Impostos,Financeiro,Entidade 023,Boleto,Pago no prazo,19566.7,19376.84,Base sintética,2026-09-15
MOV-00845,2025-12-01,2025-12-18,2025-12-08,Saída,Folha,Administrativo,Entidade 024,Boleto,Pago no prazo,13220.74,13066.67,Base sintética,2026-09-15
MOV-00846,2025-03-01,2025-03-26,2025-03-24,Saída,Impostos,Tecnologia,Entidade 066,PIX,Pago no prazo,5610.92,5593.29,Base sintética,2026-09-15
MOV-00847,2026-01-01,2026-01-03,2026-01-03,Entrada,Receita de serviços,Financeiro,Entidade 063,Boleto,Pago no prazo,2324.46,2338.33,Base sintética,2026-09-15
MOV-00848,2026-01-01,2026-01-23,2026-01-18,Saída,Folha,Comercial,Entidade 044,Boleto,Pago no prazo,4603.14,4548.73,Base sintética,2026-09-15
MOV-00849,2026-02-01,2026-02-22,2026-02-17,Entrada,Vendas,Financeiro,Entidade 009,Boleto,Pago no prazo,13731.31,13656.22,Base sintética,2026-09-15
MOV-00850,2026-05-01,2026-05-26,2026-05-17,Entrada,Rendimentos,Administrativo,Entidade 070,Boleto,Pago no prazo,2518.6,2536.84,Base sintética,2026-09-15
MOV-00851,2026-03-01,2026-03-03,2026-03-01,Entrada,Rendimentos,Administrativo,Entidade 069,Transferência,Pago no prazo,13864.24,14002.44,Base sintética,2026-09-15
MOV-00852,2026-05-01,2026-05-07,2026-05-04,Saída,Fornecedores,Tecnologia,Entidade 077,Transferência,Pago no prazo,6567.71,6477.01,Base sintética,2026-09-15
MOV-00853,2025-06-01,2025-06-14,2025-06-04,Saída,Folha,Operações,Entidade 079,PIX,Pago no prazo,8933.2,8896.88,Base sintética,2026-09-15
MOV-00854,2026-06-01,2026-06-19,2026-06-15,Entrada,Rendimentos,Operações,Entidade 006,Boleto,Pago no prazo,10770.19,10703.77,Base sintética,2026-09-15
MOV-00855,2025-07-01,2025-07-07,2025-07-03,Entrada,Vendas,Financeiro,Entidade 044,PIX,Pago no prazo,22487.08,22515.27,Base sintética,2026-09-15
MOV-00856,2025-01-01,2025-01-30,2025-01-20,Saída,Marketing,Administrativo,Entidade 032,Cartão,Pago no prazo,1497.98,1507.82,Base sintética,2026-09-15
MOV-00857,2025-10-01,2025-10-23,2025-10-13,Saída,Fornecedores,Financeiro,Entidade 064,Cartão,Pago no prazo,1875.39,1861.87,Base sintética,2026-09-15
MOV-00858,2025-11-01,2025-11-09,2025-11-01,Saída,Tecnologia,Tecnologia,Entidade 013,Cartão,Pago no prazo,5221.15,5186.7,Base sintética,2026-09-15
MOV-00859,2025-02-01,2025-02-19,2025-02-19,Saída,Logística,Tecnologia,Entidade 047,Boleto,Pago no prazo,5033.66,5016.7,Base sintética,2026-09-15
MOV-00860,2025-12-01,2025-12-03,2025-11-23,Entrada,Vendas,Tecnologia,Entidade 017,Boleto,Pago no prazo,16509.52,16325.54,Base sintética,2026-09-15
MOV-00861,2026-04-01,2026-04-01,2026-03-27,Saída,Folha,Operações,Entidade 024,PIX,Pago no prazo,4157.12,4119.06,Base sintética,2026-09-15
MOV-00862,2026-02-01,2026-02-10,2026-02-06,Saída,Impostos,Financeiro,Entidade 053,Cartão,Pago no prazo,9212.45,9082.66,Base sintética,2026-09-15
MOV-00863,2026-05-01,2026-05-19,2026-05-10,Entrada,Receita de serviços,Comercial,Entidade 007,PIX,Pago no prazo,7015.44,6999.59,Base sintética,2026-09-15
MOV-00864,2025-02-01,2025-02-09,2025-02-03,Saída,Impostos,Tecnologia,Entidade 049,PIX,Pago no prazo,4714.94,4755.23,Base sintética,2026-09-15
MOV-00865,2025-11-01,2025-11-22,2025-11-22,Saída,Tecnologia,Comercial,Entidade 024,Cartão,Pago no prazo,3349.33,3309.29,Base sintética,2026-09-15
MOV-00866,2026-02-01,2026-02-06,2026-01-28,Entrada,Receita de serviços,Financeiro,Entidade 022,Boleto,Pago no prazo,9030.86,8939.79,Base sintética,2026-09-15
MOV-00867,2025-09-01,2025-09-10,2025-09-10,Entrada,Rendimentos,Administrativo,Entidade 009,Transferência,Pago no prazo,13070.99,13163.8,Base sintética,2026-09-15
MOV-00868,2026-08-01,2026-08-02,2026-08-02,Saída,Logística,Financeiro,Entidade 036,Cartão,Pago no prazo,7370.37,7354.86,Base sintética,2026-09-15
MOV-00869,2025-12-01,2025-12-04,2025-11-29,Saída,Infraestrutura,Administrativo,Entidade 060,Boleto,Pago no prazo,8555.11,8628.82,Base sintética,2026-09-15
MOV-00870,2026-08-01,2026-08-10,2026-08-07,Entrada,Vendas,Operações,Entidade 048,Cartão,Pago no prazo,6215.67,6163.37,Base sintética,2026-09-15
MOV-00871,2026-07-01,2026-07-17,2026-07-09,Saída,Infraestrutura,Comercial,Entidade 008,Transferência,Pago no prazo,19606.98,19585.92,Base sintética,2026-09-15
MOV-00872,2025-05-01,2025-05-19,2025-05-10,Saída,Infraestrutura,Operações,Entidade 062,Boleto,Pago no prazo,19081.02,19087.64,Base sintética,2026-09-15
MOV-00873,2025-12-01,2025-12-04,2025-11-24,Saída,Tecnologia,Tecnologia,Entidade 069,Boleto,Pago no prazo,15180.46,15234.83,Base sintética,2026-09-15
MOV-00874,2025-01-01,2025-01-24,2025-01-23,Entrada,Receita de serviços,Administrativo,Entidade 039,PIX,Pago no prazo,5127.64,5126.85,Base sintética,2026-09-15
MOV-00875,2025-10-01,2025-10-25,2025-10-15,Saída,Fornecedores,Financeiro,Entidade 057,Boleto,Pago no prazo,12274.28,12276.65,Base sintética,2026-09-15
MOV-00876,2025-03-01,2025-03-25,2025-03-27,Entrada,Receita de serviços,Administrativo,Entidade 057,Boleto,Pago em atraso,11221.14,11130.93,Base sintética,2026-09-15
MOV-00877,2026-01-01,2026-01-11,2026-01-03,Saída,Fornecedores,Administrativo,Entidade 055,Cartão,Pago no prazo,3229.11,3196.04,Base sintética,2026-09-15
MOV-00878,2025-10-01,2025-10-10,2025-09-30,Entrada,Aporte,Administrativo,Entidade 050,Cartão,Pago no prazo,17114.07,17199.63,Base sintética,2026-09-15
MOV-00879,2025-06-01,2025-06-08,2025-06-05,Saída,Infraestrutura,Comercial,Entidade 068,Transferência,Pago no prazo,2264.81,2244.06,Base sintética,2026-09-15
MOV-00880,2025-04-01,2025-04-24,2025-04-20,Saída,Fornecedores,Operações,Entidade 073,Transferência,Pago no prazo,3141.24,3147.61,Base sintética,2026-09-15
MOV-00881,2025-11-01,2025-11-01,2025-10-24,Saída,Folha,Comercial,Entidade 031,Cartão,Pago no prazo,21130.98,21205.29,Base sintética,2026-09-15
MOV-00882,2025-11-01,2025-11-18,2025-11-17,Entrada,Vendas,Operações,Entidade 023,Boleto,Pago no prazo,5947.77,5968.99,Base sintética,2026-09-15
MOV-00883,2025-07-01,2025-07-24,2025-07-16,Entrada,Vendas,Tecnologia,Entidade 063,Cartão,Pago no prazo,10224.07,10303.77,Base sintética,2026-09-15
MOV-00884,2026-03-01,2026-03-19,2026-03-16,Entrada,Aporte,Financeiro,Entidade 004,Transferência,Pago no prazo,6935.05,6890.76,Base sintética,2026-09-15
MOV-00885,2026-05-01,2026-05-16,,Entrada,Receita de serviços,Operações,Entidade 057,Boleto,Vencido,460.55,0.0,Base sintética,2026-09-15
MOV-00886,2025-12-01,2025-12-27,2025-12-21,Saída,Tecnologia,Administrativo,Entidade 026,Transferência,Pago no prazo,13642.83,13514.93,Base sintética,2026-09-15
MOV-00887,2026-04-01,2026-04-13,2026-05-03,Entrada,Rendimentos,Administrativo,Entidade 070,Cartão,Pago em atraso,6752.18,6673.56,Base sintética,2026-09-15
MOV-00888,2026-08-01,2026-08-20,2026-08-17,Entrada,Rendimentos,Tecnologia,Entidade 041,Cartão,Pago no prazo,11067.19,11148.58,Base sintética,2026-09-15
MOV-00889,2025-11-01,2025-11-14,2025-11-06,Saída,Fornecedores,Administrativo,Entidade 055,Cartão,Pago no prazo,10301.93,10241.57,Base sintética,2026-09-15
MOV-00890,2025-04-01,2025-04-20,2025-04-18,Entrada,Aporte,Operações,Entidade 076,Transferência,Pago no prazo,11518.52,11399.25,Base sintética,2026-09-15
MOV-00891,2026-03-01,2026-03-01,2026-03-14,Saída,Folha,Tecnologia,Entidade 025,Transferência,Pago em atraso,10349.79,10421.48,Base sintética,2026-09-15
MOV-00892,2026-02-01,2026-02-01,2026-01-27,Saída,Logística,Comercial,Entidade 080,Cartão,Pago no prazo,1507.0,1512.42,Base sintética,2026-09-15
MOV-00893,2026-01-01,2026-01-10,2026-01-09,Saída,Infraestrutura,Comercial,Entidade 046,Transferência,Pago no prazo,8401.79,8331.8,Base sintética,2026-09-15
MOV-00894,2026-02-01,2026-02-03,,Entrada,Rendimentos,Administrativo,Entidade 033,Cartão,Vencido,1891.43,0.0,Base sintética,2026-09-15
MOV-00895,2025-08-01,2025-08-17,2025-08-24,Saída,Fornecedores,Administrativo,Entidade 055,Cartão,Pago em atraso,9462.49,9420.11,Base sintética,2026-09-15
MOV-00896,2025-09-01,2025-09-16,2025-09-07,Saída,Impostos,Comercial,Entidade 027,Boleto,Pago no prazo,16568.97,16567.98,Base sintética,2026-09-15
MOV-00897,2025-09-01,2025-09-02,2025-08-24,Saída,Fornecedores,Tecnologia,Entidade 067,Transferência,Pago no prazo,13029.93,13022.03,Base sintética,2026-09-15
MOV-00898,2026-08-01,2026-08-30,2026-08-21,Entrada,Vendas,Administrativo,Entidade 003,Boleto,Pago no prazo,42186.89,42394.24,Base sintética,2026-09-15
MOV-00899,2025-12-01,2025-12-28,2025-12-20,Entrada,Receita de serviços,Operações,Entidade 045,Cartão,Pago no prazo,6861.28,6892.5,Base sintética,2026-09-15
MOV-00900,2025-03-01,2025-03-21,2025-03-14,Entrada,Aporte,Comercial,Entidade 034,Cartão,Pago no prazo,2713.92,2705.73,Base sintética,2026-09-15
MOV-00901,2025-09-01,2025-09-13,,Saída,Infraestrutura,Operações,Entidade 006,Cartão,Vencido,869.11,0.0,Base sintética,2026-09-15
MOV-00902,2026-07-01,2026-07-27,2026-07-21,Entrada,Rendimentos,Administrativo,Entidade 014,Cartão,Pago no prazo,9493.84,9384.08,Base sintética,2026-09-15
MOV-00903,2026-03-01,2026-03-10,2026-03-03,Entrada,Aporte,Tecnologia,Entidade 013,Boleto,Pago no prazo,2770.1,2761.78,Base sintética,2026-09-15
MOV-00904,2025-10-01,2025-10-07,2025-09-27,Saída,Marketing,Operações,Entidade 036,Transferência,Pago no prazo,8621.63,8520.42,Base sintética,2026-09-15
MOV-00905,2025-06-01,2025-06-25,2025-06-23,Saída,Tecnologia,Financeiro,Entidade 018,PIX,Pago no prazo,30526.63,30403.47,Base sintética,2026-09-15
MOV-00906,2025-03-01,2025-03-24,2025-03-18,Saída,Infraestrutura,Comercial,Entidade 061,Transferência,Pago no prazo,7436.6,7486.59,Base sintética,2026-09-15
MOV-00907,2025-05-01,2025-05-21,2025-05-20,Saída,Fornecedores,Administrativo,Entidade 013,Boleto,Pago no prazo,9436.71,9380.85,Base sintética,2026-09-15
MOV-00908,2026-08-01,2026-08-11,2026-08-09,Saída,Impostos,Financeiro,Entidade 031,PIX,Pago no prazo,1896.74,1885.83,Base sintética,2026-09-15
MOV-00909,2025-10-01,2025-10-27,2025-10-23,Entrada,Receita de serviços,Administrativo,Entidade 068,PIX,Pago no prazo,4925.11,4929.72,Base sintética,2026-09-15
MOV-00910,2025-12-01,2025-12-02,2025-12-02,Saída,Impostos,Financeiro,Entidade 076,PIX,Pago no prazo,3359.6,3372.31,Base sintética,2026-09-15
MOV-00911,2026-07-01,2026-07-13,2026-07-06,Saída,Logística,Tecnologia,Entidade 017,Transferência,Pago no prazo,37848.96,37403.11,Base sintética,2026-09-15
MOV-00912,2025-05-01,2025-05-22,2025-05-12,Entrada,Receita de serviços,Tecnologia,Entidade 021,Boleto,Pago no prazo,8021.45,7973.17,Base sintética,2026-09-15
MOV-00913,2025-11-01,2025-11-01,2025-10-31,Saída,Fornecedores,Financeiro,Entidade 058,Transferência,Pago no prazo,1092.63,1092.17,Base sintética,2026-09-15
MOV-00914,2025-04-01,2025-04-12,2025-04-03,Saída,Infraestrutura,Tecnologia,Entidade 005,PIX,Pago no prazo,8658.52,8655.69,Base sintética,2026-09-15
MOV-00915,2026-02-01,2026-02-15,2026-02-06,Entrada,Receita de serviços,Operações,Entidade 075,Transferência,Pago no prazo,59620.33,58921.7,Base sintética,2026-09-15
MOV-00916,2025-08-01,2025-08-06,2025-08-06,Entrada,Aporte,Financeiro,Entidade 072,Cartão,Pago no prazo,5595.79,5615.32,Base sintética,2026-09-15
MOV-00917,2025-12-01,2025-12-26,2025-12-19,Saída,Impostos,Tecnologia,Entidade 007,Transferência,Pago no prazo,37318.64,37198.53,Base sintética,2026-09-15
MOV-00918,2026-08-01,2026-08-26,2026-08-23,Saída,Logística,Administrativo,Entidade 069,PIX,Pago no prazo,5779.53,5797.34,Base sintética,2026-09-15
MOV-00919,2025-01-01,2025-01-14,2025-01-06,Saída,Tecnologia,Administrativo,Entidade 065,Cartão,Pago no prazo,9618.96,9683.36,Base sintética,2026-09-15
MOV-00920,2025-05-01,2025-05-27,,Entrada,Aporte,Administrativo,Entidade 012,PIX,Vencido,363.83,0.0,Base sintética,2026-09-15
MOV-00921,2026-01-01,2026-01-20,2026-01-10,Saída,Infraestrutura,Operações,Entidade 021,PIX,Pago no prazo,9657.48,9594.25,Base sintética,2026-09-15
MOV-00922,2025-08-01,2025-08-31,2025-08-30,Entrada,Vendas,Financeiro,Entidade 002,Cartão,Pago no prazo,5824.13,5832.31,Base sintética,2026-09-15
MOV-00923,2025-07-01,2025-07-14,2025-07-13,Entrada,Receita de serviços,Administrativo,Entidade 061,Boleto,Pago no prazo,16068.32,16142.92,Base sintética,2026-09-15
MOV-00924,2026-03-01,2026-03-03,2026-02-27,Saída,Tecnologia,Financeiro,Entidade 027,Boleto,Pago no prazo,6125.65,6124.06,Base sintética,2026-09-15
MOV-00925,2026-05-01,2026-05-19,,Entrada,Vendas,Administrativo,Entidade 074,Cartão,Vencido,570.96,0.0,Base sintética,2026-09-15
MOV-00926,2026-02-01,2026-02-08,2026-02-07,Entrada,Receita de serviços,Administrativo,Entidade 058,Transferência,Pago no prazo,12300.15,12328.48,Base sintética,2026-09-15
MOV-00927,2026-04-01,2026-04-19,,Saída,Logística,Administrativo,Entidade 060,Boleto,Vencido,764.46,0.0,Base sintética,2026-09-15
MOV-00928,2025-01-01,2025-01-04,2025-01-03,Saída,Impostos,Tecnologia,Entidade 012,Transferência,Pago no prazo,4500.69,4543.63,Base sintética,2026-09-15
MOV-00929,2025-04-01,2025-04-28,2025-04-24,Entrada,Receita de serviços,Financeiro,Entidade 081,Cartão,Pago no prazo,6202.88,6197.08,Base sintética,2026-09-15
MOV-00930,2025-04-01,2025-04-23,2025-04-21,Saída,Impostos,Comercial,Entidade 073,PIX,Pago no prazo,4896.98,4864.19,Base sintética,2026-09-15
MOV-00931,2025-05-01,2025-05-15,2025-05-10,Saída,Folha,Financeiro,Entidade 079,Boleto,Pago no prazo,5212.3,5254.88,Base sintética,2026-09-15
MOV-00932,2025-04-01,2025-04-18,2025-04-18,Entrada,Aporte,Administrativo,Entidade 007,Cartão,Pago no prazo,8999.09,8944.61,Base sintética,2026-09-15
MOV-00933,2026-02-01,2026-02-21,,Entrada,Receita de serviços,Comercial,Entidade 042,Boleto,Vencido,1347.86,0.0,Base sintética,2026-09-15
MOV-00934,2025-02-01,2025-02-09,2025-02-08,Entrada,Vendas,Operações,Entidade 023,Cartão,Pago no prazo,5136.28,5124.0,Base sintética,2026-09-15
MOV-00935,2026-07-01,2026-07-24,2026-07-16,Entrada,Rendimentos,Financeiro,Entidade 067,Transferência,Pago no prazo,8103.16,8140.47,Base sintética,2026-09-15
MOV-00936,2025-05-01,2025-05-04,2025-04-25,Entrada,Vendas,Financeiro,Entidade 041,Boleto,Pago no prazo,10515.6,10413.08,Base sintética,2026-09-15
MOV-00937,2026-08-01,2026-08-21,2026-08-12,Entrada,Vendas,Administrativo,Entidade 033,PIX,Pago no prazo,7099.43,7161.27,Base sintética,2026-09-15
MOV-00938,2026-05-01,2026-05-15,2026-05-11,Saída,Logística,Financeiro,Entidade 023,Boleto,Pago no prazo,5742.04,5730.86,Base sintética,2026-09-15
MOV-00939,2025-11-01,2025-11-10,2025-11-07,Saída,Marketing,Administrativo,Entidade 069,Boleto,Pago no prazo,6227.54,6154.97,Base sintética,2026-09-15
MOV-00940,2026-03-01,2026-03-29,2026-03-27,Entrada,Vendas,Financeiro,Entidade 042,Cartão,Pago no prazo,9393.27,9385.08,Base sintética,2026-09-15
MOV-00941,2026-01-01,2026-01-23,2026-01-14,Entrada,Aporte,Financeiro,Entidade 067,Boleto,Pago no prazo,7735.44,7765.3,Base sintética,2026-09-15
MOV-00942,2025-03-01,2025-03-30,,Entrada,Vendas,Tecnologia,Entidade 004,Transferência,Vencido,610.12,0.0,Base sintética,2026-09-15
MOV-00943,2026-02-01,2026-02-02,2026-01-23,Saída,Infraestrutura,Operações,Entidade 037,Cartão,Pago no prazo,4066.56,4037.64,Base sintética,2026-09-15
MOV-00944,2026-03-01,2026-03-16,,Entrada,Vendas,Comercial,Entidade 035,Transferência,Vencido,551.44,0.0,Base sintética,2026-09-15
MOV-00945,2025-08-01,2025-08-04,2025-08-21,Entrada,Vendas,Operações,Entidade 075,Cartão,Pago em atraso,26278.76,25996.67,Base sintética,2026-09-15
MOV-00946,2026-03-01,2026-03-20,2026-03-13,Entrada,Aporte,Operações,Entidade 060,Boleto,Pago no prazo,5875.21,5868.59,Base sintética,2026-09-15
MOV-00947,2025-07-01,2025-07-16,2025-07-14,Entrada,Rendimentos,Tecnologia,Entidade 056,Cartão,Pago no prazo,9685.9,9614.39,Base sintética,2026-09-15
MOV-00948,2025-08-01,2025-08-22,2025-08-17,Saída,Tecnologia,Financeiro,Entidade 039,Transferência,Pago no prazo,10465.66,10467.75,Base sintética,2026-09-15
MOV-00949,2026-08-01,2026-08-25,2026-08-16,Saída,Folha,Tecnologia,Entidade 012,Transferência,Pago no prazo,20423.41,20619.04,Base sintética,2026-09-15
MOV-00950,2025-12-01,2025-12-28,2025-12-21,Entrada,Rendimentos,Administrativo,Entidade 010,Cartão,Pago no prazo,4956.46,4931.46,Base sintética,2026-09-15
MOV-00951,2025-08-01,2025-08-20,2025-08-17,Saída,Infraestrutura,Operações,Entidade 076,Transferência,Pago no prazo,17885.87,18022.63,Base sintética,2026-09-15
MOV-00952,2025-11-01,2025-11-15,2025-11-15,Saída,Fornecedores,Administrativo,Entidade 019,PIX,Pago no prazo,23006.72,23022.94,Base sintética,2026-09-15
MOV-00953,2025-06-01,2025-06-12,2025-06-28,Entrada,Receita de serviços,Financeiro,Entidade 061,Cartão,Pago em atraso,24461.06,24176.4,Base sintética,2026-09-15
MOV-00954,2025-03-01,2025-03-04,2025-02-27,Saída,Folha,Administrativo,Entidade 002,Cartão,Pago no prazo,3248.51,3205.0,Base sintética,2026-09-15
MOV-00955,2025-02-01,2025-02-24,2025-02-23,Saída,Fornecedores,Comercial,Entidade 021,PIX,Pago no prazo,4354.06,4313.95,Base sintética,2026-09-15
MOV-00956,2025-07-01,2025-07-31,2025-08-14,Saída,Logística,Tecnologia,Entidade 076,Transferência,Pago em atraso,2912.41,2882.28,Base sintética,2026-09-15
MOV-00957,2025-03-01,2025-03-29,2025-04-13,Saída,Folha,Operações,Entidade 004,PIX,Pago em atraso,6624.18,6660.0,Base sintética,2026-09-15
MOV-00958,2025-06-01,2025-06-16,2025-06-16,Entrada,Aporte,Comercial,Entidade 026,PIX,Pago no prazo,1991.39,1987.4,Base sintética,2026-09-15
MOV-00959,2025-09-01,2025-09-10,,Saída,Impostos,Administrativo,Entidade 055,Transferência,Vencido,375.35,0.0,Base sintética,2026-09-15
MOV-00960,2025-05-01,2025-05-31,2025-05-23,Saída,Folha,Tecnologia,Entidade 067,Transferência,Pago no prazo,13905.65,13843.77,Base sintética,2026-09-15
MOV-00961,2026-07-01,2026-07-24,2026-07-22,Entrada,Receita de serviços,Administrativo,Entidade 014,Cartão,Pago no prazo,2758.9,2778.49,Base sintética,2026-09-15
MOV-00962,2026-01-01,2026-01-11,2026-01-10,Entrada,Rendimentos,Administrativo,Entidade 019,Cartão,Pago no prazo,5619.83,5675.04,Base sintética,2026-09-15
MOV-00963,2025-01-01,2025-01-12,,Saída,Marketing,Comercial,Entidade 008,Boleto,Vencido,1102.82,0.0,Base sintética,2026-09-15
MOV-00964,2025-01-01,2025-01-11,,Saída,Tecnologia,Operações,Entidade 061,PIX,Vencido,430.07,0.0,Base sintética,2026-09-15
MOV-00965,2025-06-01,2025-06-10,2025-06-04,Entrada,Aporte,Tecnologia,Entidade 047,Cartão,Pago no prazo,7614.27,7582.26,Base sintética,2026-09-15
MOV-00966,2026-06-01,2026-06-02,2026-05-28,Saída,Tecnologia,Operações,Entidade 025,Boleto,Pago no prazo,5559.23,5585.82,Base sintética,2026-09-15
MOV-00967,2026-02-01,2026-02-19,2026-02-15,Entrada,Aporte,Tecnologia,Entidade 083,Boleto,Pago no prazo,3719.37,3664.34,Base sintética,2026-09-15
MOV-00968,2025-10-01,2025-10-06,,Saída,Fornecedores,Administrativo,Entidade 077,Transferência,Vencido,1185.66,0.0,Base sintética,2026-09-15
MOV-00969,2025-10-01,2025-10-29,2025-10-24,Saída,Infraestrutura,Operações,Entidade 002,Transferência,Pago no prazo,11949.62,11992.84,Base sintética,2026-09-15
MOV-00970,2026-05-01,2026-05-10,2026-05-01,Entrada,Vendas,Administrativo,Entidade 050,Transferência,Pago no prazo,10453.0,10546.08,Base sintética,2026-09-15
MOV-00971,2026-04-01,2026-04-26,2026-04-26,Entrada,Rendimentos,Operações,Entidade 046,Boleto,Pago no prazo,23789.19,24017.18,Base sintética,2026-09-15
MOV-00972,2025-10-01,2025-10-26,2025-10-24,Saída,Tecnologia,Tecnologia,Entidade 075,PIX,Pago no prazo,5942.63,5853.77,Base sintética,2026-09-15
MOV-00973,2026-01-01,2026-01-04,2026-01-01,Entrada,Aporte,Administrativo,Entidade 025,PIX,Pago no prazo,10959.47,11062.2,Base sintética,2026-09-15
MOV-00974,2025-03-01,2025-03-04,2025-02-28,Saída,Tecnologia,Operações,Entidade 055,Cartão,Pago no prazo,6205.48,6117.33,Base sintética,2026-09-15
MOV-00975,2026-08-01,2026-08-07,2026-08-04,Entrada,Vendas,Financeiro,Entidade 007,PIX,Pago no prazo,4012.18,4008.05,Base sintética,2026-09-15
MOV-00976,2026-05-01,2026-05-20,2026-05-12,Entrada,Rendimentos,Tecnologia,Entidade 064,Boleto,Pago no prazo,11925.08,11919.05,Base sintética,2026-09-15
MOV-00977,2026-08-01,2026-08-10,2026-08-03,Entrada,Receita de serviços,Comercial,Entidade 076,Cartão,Pago no prazo,4383.54,4375.11,Base sintética,2026-09-15
MOV-00978,2026-05-01,2026-05-17,2026-05-11,Entrada,Rendimentos,Comercial,Entidade 026,Transferência,Pago no prazo,20649.47,20706.83,Base sintética,2026-09-15
MOV-00979,2025-12-01,2025-12-15,2025-12-05,Entrada,Aporte,Financeiro,Entidade 059,Cartão,Pago no prazo,3409.37,3388.87,Base sintética,2026-09-15
MOV-00980,2026-07-01,2026-07-07,2026-07-25,Entrada,Aporte,Administrativo,Entidade 077,PIX,Pago em atraso,14736.83,14882.28,Base sintética,2026-09-15
MOV-00981,2025-07-01,2025-07-30,2025-07-26,Entrada,Rendimentos,Financeiro,Entidade 040,PIX,Pago no prazo,30147.23,30169.77,Base sintética,2026-09-15
MOV-00982,2026-08-01,2026-08-03,2026-07-27,Entrada,Vendas,Comercial,Entidade 077,Boleto,Pago no prazo,12404.57,12520.85,Base sintética,2026-09-15
MOV-00983,2026-06-01,2026-06-09,2026-06-08,Saída,Impostos,Administrativo,Entidade 015,Boleto,Pago no prazo,13061.82,13178.36,Base sintética,2026-09-15
MOV-00984,2026-06-01,2026-06-10,2026-06-08,Entrada,Receita de serviços,Operações,Entidade 036,Cartão,Pago no prazo,6185.08,6231.83,Base sintética,2026-09-15
MOV-00985,2025-12-01,2025-12-31,2025-12-29,Saída,Folha,Tecnologia,Entidade 010,Boleto,Pago no prazo,4951.67,4922.43,Base sintética,2026-09-15
MOV-00986,2025-10-01,2025-10-05,2025-09-27,Saída,Marketing,Administrativo,Entidade 061,PIX,Pago no prazo,3228.65,3254.45,Base sintética,2026-09-15
MOV-00987,2025-12-01,2025-12-28,2025-12-28,Entrada,Aporte,Comercial,Entidade 052,Cartão,Pago no prazo,10974.66,10859.0,Base sintética,2026-09-15
MOV-00988,2025-11-01,2025-11-28,2025-11-27,Saída,Folha,Financeiro,Entidade 042,Cartão,Pago no prazo,4946.54,4938.11,Base sintética,2026-09-15
MOV-00989,2026-08-01,2026-08-04,2026-07-31,Saída,Marketing,Financeiro,Entidade 079,Transferência,Pago no prazo,6009.93,5933.99,Base sintética,2026-09-15
MOV-00990,2025-12-01,2025-12-30,2026-01-13,Entrada,Vendas,Comercial,Entidade 072,Transferência,Pago em atraso,8740.44,8750.99,Base sintética,2026-09-15
MOV-00991,2025-04-01,2025-04-24,2025-05-10,Saída,Infraestrutura,Financeiro,Entidade 079,Boleto,Pago em atraso,6420.87,6424.05,Base sintética,2026-09-15
MOV-00992,2025-02-01,2025-02-05,2025-02-03,Saída,Marketing,Operações,Entidade 055,Boleto,Pago no prazo,5748.91,5805.55,Base sintética,2026-09-15
MOV-00993,2026-06-01,2026-06-28,2026-06-21,Entrada,Aporte,Operações,Entidade 035,Transferência,Pago no prazo,5328.82,5366.45,Base sintética,2026-09-15
MOV-00994,2025-12-01,2025-12-16,2025-12-12,Saída,Tecnologia,Comercial,Entidade 081,Cartão,Pago no prazo,4793.71,4736.11,Base sintética,2026-09-15
MOV-00995,2026-02-01,2026-02-12,2026-02-03,Entrada,Rendimentos,Comercial,Entidade 022,Transferência,Pago no prazo,4628.63,4615.34,Base sintética,2026-09-15
MOV-00996,2025-03-01,2025-03-12,2025-03-11,Entrada,Rendimentos,Tecnologia,Entidade 083,Cartão,Pago no prazo,10520.76,10576.63,Base sintética,2026-09-15
MOV-00997,2025-12-01,2025-12-17,2025-12-14,Saída,Marketing,Financeiro,Entidade 027,Cartão,Pago no prazo,6121.23,6093.54,Base sintética,2026-09-15
MOV-00998,2026-02-01,2026-02-16,2026-02-13,Entrada,Aporte,Financeiro,Entidade 044,Cartão,Pago no prazo,21215.07,20926.98,Base sintética,2026-09-15
MOV-00999,2026-08-01,2026-08-09,2026-07-31,Saída,Folha,Tecnologia,Entidade 053,Cartão,Pago no prazo,1827.17,1832.24,Base sintética,2026-09-15
MOV-01000,2025-08-01,2025-08-26,2025-08-23,Entrada,Rendimentos,Administrativo,Entidade 045,Transferência,Pago no prazo,5879.34,5858.98,Base sintética,2026-09-15
MOV-01001,2025-12-01,2025-12-18,2025-12-13,Entrada,Aporte,Administrativo,Entidade 051,Boleto,Pago no prazo,4263.79,4226.47,Base sintética,2026-09-15
MOV-01002,2025-08-01,2025-08-04,2025-07-27,Entrada,Aporte,Operações,Entidade 045,Cartão,Pago no prazo,23057.43,22802.01,Base sintética,2026-09-15
MOV-01003,2026-03-01,2026-03-07,2026-03-05,Saída,Logística,Operações,Entidade 025,Boleto,Pago no prazo,6771.69,6728.68,Base sintética,2026-09-15
MOV-01004,2026-03-01,2026-03-27,2026-03-27,Saída,Marketing,Comercial,Entidade 009,Cartão,Pago no prazo,9105.64,9118.53,Base sintética,2026-09-15
MOV-01005,2025-06-01,2025-06-18,2025-06-09,Entrada,Aporte,Tecnologia,Entidade 072,Boleto,Pago no prazo,7993.95,7985.94,Base sintética,2026-09-15
MOV-01006,2025-11-01,2025-11-01,2025-10-24,Saída,Logística,Comercial,Entidade 037,Transferência,Pago no prazo,4502.14,4442.07,Base sintética,2026-09-15
MOV-01007,2025-05-01,2025-05-06,2025-05-04,Entrada,Vendas,Comercial,Entidade 044,Transferência,Pago no prazo,51636.06,51740.45,Base sintética,2026-09-15
MOV-01008,2026-03-01,2026-03-22,2026-03-20,Saída,Fornecedores,Operações,Entidade 036,Cartão,Pago no prazo,12034.47,11959.95,Base sintética,2026-09-15
MOV-01009,2025-12-01,2025-12-24,2025-12-15,Saída,Marketing,Financeiro,Entidade 054,Boleto,Pago no prazo,7260.73,7306.33,Base sintética,2026-09-15
MOV-01010,2025-08-01,2025-08-10,2025-08-01,Entrada,Rendimentos,Comercial,Entidade 054,Cartão,Pago no prazo,3522.67,3499.64,Base sintética,2026-09-15
MOV-01011,2025-12-01,2025-12-15,2025-12-05,Entrada,Rendimentos,Operações,Entidade 074,Cartão,Pago no prazo,9414.46,9419.07,Base sintética,2026-09-15
MOV-01012,2025-03-01,2025-03-28,2025-03-27,Entrada,Aporte,Comercial,Entidade 012,Boleto,Pago no prazo,27784.62,27445.62,Base sintética,2026-09-15
MOV-01013,2025-05-01,2025-05-03,2025-04-28,Saída,Folha,Administrativo,Entidade 025,Transferência,Pago no prazo,7742.97,7633.93,Base sintética,2026-09-15
MOV-01014,2025-05-01,2025-05-03,,Entrada,Receita de serviços,Comercial,Entidade 013,Boleto,Vencido,730.05,0.0,Base sintética,2026-09-15
MOV-01015,2025-04-01,2025-04-03,2025-03-26,Saída,Impostos,Operações,Entidade 048,Cartão,Pago no prazo,12801.94,12611.13,Base sintética,2026-09-15
MOV-01016,2025-01-01,2025-01-10,2025-01-07,Entrada,Rendimentos,Comercial,Entidade 071,Transferência,Pago no prazo,42937.2,42299.32,Base sintética,2026-09-15
MOV-01017,2025-05-01,2025-05-18,2025-05-12,Saída,Tecnologia,Operações,Entidade 047,Transferência,Pago no prazo,3529.06,3478.16,Base sintética,2026-09-15
MOV-01018,2025-04-01,2025-04-25,2025-04-25,Entrada,Vendas,Operações,Entidade 013,Boleto,Pago no prazo,12446.12,12417.4,Base sintética,2026-09-15
MOV-01019,2025-01-01,2025-01-01,2024-12-23,Entrada,Receita de serviços,Operações,Entidade 008,Transferência,Pago no prazo,7460.91,7466.63,Base sintética,2026-09-15
MOV-01020,2025-06-01,2025-06-19,2025-06-14,Entrada,Rendimentos,Tecnologia,Entidade 022,PIX,Pago no prazo,4306.03,4319.1,Base sintética,2026-09-15
MOV-01021,2025-11-01,2025-11-04,2025-10-27,Saída,Logística,Operações,Entidade 007,Transferência,Pago no prazo,6853.26,6813.01,Base sintética,2026-09-15
MOV-01022,2026-07-01,2026-07-16,2026-07-10,Saída,Folha,Operações,Entidade 024,Cartão,Pago no prazo,14180.76,14097.0,Base sintética,2026-09-15
MOV-01023,2025-10-01,2025-10-11,2025-10-10,Saída,Infraestrutura,Operações,Entidade 006,Cartão,Pago no prazo,4106.14,4132.84,Base sintética,2026-09-15
MOV-01024,2025-01-01,2025-01-26,2025-01-18,Saída,Folha,Operações,Entidade 057,Boleto,Pago no prazo,5812.35,5804.7,Base sintética,2026-09-15
MOV-01025,2026-07-01,2026-07-02,2026-06-22,Saída,Tecnologia,Comercial,Entidade 010,Cartão,Pago no prazo,4828.37,4862.95,Base sintética,2026-09-15
MOV-01026,2026-07-01,2026-07-19,2026-07-13,Entrada,Rendimentos,Administrativo,Entidade 084,Transferência,Pago no prazo,3748.96,3781.24,Base sintética,2026-09-15
MOV-01027,2025-05-01,2025-05-02,2025-05-08,Entrada,Vendas,Operações,Entidade 004,PIX,Pago em atraso,9731.54,9641.3,Base sintética,2026-09-15
MOV-01028,2026-06-01,2026-06-30,2026-06-20,Entrada,Receita de serviços,Tecnologia,Entidade 073,Cartão,Pago no prazo,28934.35,28699.6,Base sintética,2026-09-15
MOV-01029,2025-04-01,2025-04-08,2025-04-10,Entrada,Receita de serviços,Operações,Entidade 074,Boleto,Pago em atraso,12216.22,12330.63,Base sintética,2026-09-15
MOV-01030,2025-02-01,2025-02-20,2025-02-20,Entrada,Vendas,Comercial,Entidade 012,PIX,Pago no prazo,3306.12,3267.49,Base sintética,2026-09-15
MOV-01031,2025-07-01,2025-07-02,2025-06-22,Saída,Logística,Operações,Entidade 049,Transferência,Pago no prazo,27383.62,27297.56,Base sintética,2026-09-15
MOV-01032,2025-06-01,2025-06-12,2025-06-10,Entrada,Aporte,Comercial,Entidade 084,Cartão,Pago no prazo,58200.14,58524.88,Base sintética,2026-09-15
MOV-01033,2026-04-01,2026-04-03,2026-04-03,Saída,Logística,Tecnologia,Entidade 009,PIX,Pago no prazo,10853.55,10747.06,Base sintética,2026-09-15
MOV-01034,2025-12-01,2025-12-16,2025-12-12,Entrada,Vendas,Financeiro,Entidade 049,Cartão,Pago no prazo,13072.24,13046.96,Base sintética,2026-09-15
MOV-01035,2025-06-01,2025-06-15,2025-06-15,Saída,Tecnologia,Administrativo,Entidade 005,Cartão,Pago no prazo,4845.93,4773.35,Base sintética,2026-09-15
MOV-01036,2025-08-01,2025-08-31,,Saída,Infraestrutura,Administrativo,Entidade 054,Boleto,Vencido,1166.0,0.0,Base sintética,2026-09-15
MOV-01037,2025-04-01,2025-04-19,2025-04-11,Entrada,Rendimentos,Comercial,Entidade 083,Cartão,Pago no prazo,3630.97,3630.63,Base sintética,2026-09-15
MOV-01038,2025-04-01,2025-04-16,2025-04-10,Saída,Infraestrutura,Administrativo,Entidade 045,Cartão,Pago no prazo,4327.47,4286.19,Base sintética,2026-09-15
MOV-01039,2025-03-01,2025-03-07,2025-03-01,Entrada,Aporte,Financeiro,Entidade 047,PIX,Pago no prazo,8736.7,8609.73,Base sintética,2026-09-15
MOV-01040,2026-05-01,2026-05-17,2026-05-13,Saída,Infraestrutura,Tecnologia,Entidade 073,Boleto,Pago no prazo,6947.99,6846.18,Base sintética,2026-09-15
MOV-01041,2026-04-01,2026-04-11,2026-04-06,Saída,Infraestrutura,Comercial,Entidade 073,Transferência,Pago no prazo,19433.16,19210.88,Base sintética,2026-09-15
MOV-01042,2026-03-01,2026-03-11,2026-03-10,Entrada,Aporte,Administrativo,Entidade 008,PIX,Pago no prazo,9545.97,9443.28,Base sintética,2026-09-15
MOV-01043,2025-02-01,2025-02-13,2025-02-17,Entrada,Receita de serviços,Operações,Entidade 050,Cartão,Pago em atraso,4127.01,4102.94,Base sintética,2026-09-15
MOV-01044,2026-02-01,2026-02-14,2026-02-17,Saída,Fornecedores,Tecnologia,Entidade 034,Transferência,Pago em atraso,12161.32,12014.22,Base sintética,2026-09-15
MOV-01045,2025-07-01,2025-07-09,2025-07-08,Saída,Infraestrutura,Financeiro,Entidade 044,Cartão,Pago no prazo,12873.52,12988.93,Base sintética,2026-09-15
MOV-01046,2026-03-01,2026-03-27,2026-03-19,Saída,Folha,Comercial,Entidade 015,Transferência,Pago no prazo,3776.63,3745.65,Base sintética,2026-09-15
MOV-01047,2025-12-01,2025-12-14,2025-12-14,Entrada,Receita de serviços,Operações,Entidade 040,Transferência,Pago no prazo,4804.25,4816.11,Base sintética,2026-09-15
MOV-01048,2025-10-01,2025-10-16,2025-10-13,Saída,Logística,Tecnologia,Entidade 020,PIX,Pago no prazo,10489.91,10355.74,Base sintética,2026-09-15
MOV-01049,2025-11-01,2025-11-20,2025-11-19,Entrada,Rendimentos,Administrativo,Entidade 047,Transferência,Pago no prazo,30263.93,30217.94,Base sintética,2026-09-15
MOV-01050,2026-02-01,2026-02-04,2026-02-01,Entrada,Aporte,Tecnologia,Entidade 079,Transferência,Pago no prazo,11955.15,11902.33,Base sintética,2026-09-15
MOV-01051,2025-08-01,2025-08-26,2025-08-26,Saída,Folha,Administrativo,Entidade 064,Transferência,Pago no prazo,5102.09,5131.62,Base sintética,2026-09-15
MOV-01052,2025-08-01,2025-08-19,2025-08-19,Entrada,Receita de serviços,Tecnologia,Entidade 007,PIX,Pago no prazo,13156.44,13015.33,Base sintética,2026-09-15
MOV-01053,2025-06-01,2025-06-05,2025-05-31,Entrada,Vendas,Tecnologia,Entidade 003,Cartão,Pago no prazo,11714.5,11793.47,Base sintética,2026-09-15
MOV-01054,2025-01-01,2025-01-02,2024-12-27,Saída,Impostos,Administrativo,Entidade 084,Boleto,Pago no prazo,28421.66,28490.55,Base sintética,2026-09-15
MOV-01055,2025-03-01,2025-03-28,2025-03-28,Entrada,Rendimentos,Tecnologia,Entidade 009,Transferência,Pago no prazo,4995.68,4992.91,Base sintética,2026-09-15
MOV-01056,2025-02-01,2025-02-07,2025-01-30,Entrada,Rendimentos,Tecnologia,Entidade 065,PIX,Pago no prazo,2292.27,2290.61,Base sintética,2026-09-15
MOV-01057,2025-02-01,2025-02-10,2025-02-26,Saída,Tecnologia,Administrativo,Entidade 078,PIX,Pago em atraso,11681.34,11749.07,Base sintética,2026-09-15
MOV-01058,2025-12-01,2025-12-04,2025-11-26,Entrada,Receita de serviços,Operações,Entidade 016,Boleto,Pago no prazo,13282.65,13389.05,Base sintética,2026-09-15
MOV-01059,2025-02-01,2025-02-13,2025-02-10,Saída,Infraestrutura,Financeiro,Entidade 037,Transferência,Pago no prazo,4733.03,4748.25,Base sintética,2026-09-15
MOV-01060,2025-01-01,2025-01-17,2025-02-04,Saída,Impostos,Financeiro,Entidade 056,Cartão,Pago em atraso,2245.73,2245.51,Base sintética,2026-09-15
MOV-01061,2025-08-01,2025-08-23,2025-08-20,Saída,Logística,Tecnologia,Entidade 035,Transferência,Pago no prazo,73017.78,72076.2,Base sintética,2026-09-15
MOV-01062,2026-03-01,2026-03-04,2026-03-01,Saída,Infraestrutura,Tecnologia,Entidade 022,Transferência,Pago no prazo,6004.08,5966.95,Base sintética,2026-09-15
MOV-01063,2025-08-01,2025-08-09,2025-07-31,Saída,Marketing,Tecnologia,Entidade 058,Cartão,Pago no prazo,7648.41,7583.27,Base sintética,2026-09-15
MOV-01064,2025-03-01,2025-03-29,2025-03-20,Entrada,Rendimentos,Administrativo,Entidade 003,Cartão,Pago no prazo,17546.16,17615.03,Base sintética,2026-09-15
MOV-01065,2025-03-01,2025-03-16,,Entrada,Aporte,Comercial,Entidade 071,Cartão,Vencido,369.44,0.0,Base sintética,2026-09-15
MOV-01066,2025-07-01,2025-07-31,2025-07-23,Saída,Tecnologia,Administrativo,Entidade 053,Transferência,Pago no prazo,9297.52,9195.38,Base sintética,2026-09-15
MOV-01067,2026-07-01,2026-07-23,2026-07-21,Entrada,Vendas,Financeiro,Entidade 070,Cartão,Pago no prazo,10971.4,10979.73,Base sintética,2026-09-15
MOV-01068,2026-01-01,2026-01-20,2026-01-12,Saída,Folha,Comercial,Entidade 064,Boleto,Pago no prazo,6288.61,6257.98,Base sintética,2026-09-15
MOV-01069,2026-07-01,2026-07-11,2026-07-08,Saída,Infraestrutura,Operações,Entidade 031,Cartão,Pago no prazo,3532.92,3493.02,Base sintética,2026-09-15
MOV-01070,2026-05-01,2026-05-20,2026-05-12,Entrada,Receita de serviços,Comercial,Entidade 027,Transferência,Pago no prazo,6331.89,6321.52,Base sintética,2026-09-15
MOV-01071,2025-10-01,2025-10-26,2025-10-23,Entrada,Aporte,Administrativo,Entidade 033,PIX,Pago no prazo,9449.87,9387.2,Base sintética,2026-09-15
MOV-01072,2025-10-01,2025-10-26,2025-11-12,Saída,Infraestrutura,Comercial,Entidade 001,Boleto,Pago em atraso,8531.08,8548.0,Base sintética,2026-09-15
MOV-01073,2025-01-01,2025-01-06,2025-01-03,Entrada,Vendas,Financeiro,Entidade 066,Boleto,Pago no prazo,13554.23,13455.35,Base sintética,2026-09-15
MOV-01074,2025-07-01,2025-07-08,2025-07-02,Entrada,Rendimentos,Comercial,Entidade 037,Transferência,Pago no prazo,25064.29,24711.62,Base sintética,2026-09-15
MOV-01075,2025-09-01,2025-09-08,2025-08-31,Saída,Folha,Operações,Entidade 010,Boleto,Pago no prazo,4370.49,4400.15,Base sintética,2026-09-15
MOV-01076,2025-04-01,2025-04-02,2025-04-05,Entrada,Rendimentos,Comercial,Entidade 075,Transferência,Pago em atraso,11460.67,11357.22,Base sintética,2026-09-15
MOV-01077,2025-11-01,2025-11-20,2025-11-18,Entrada,Aporte,Tecnologia,Entidade 073,Boleto,Pago no prazo,6754.4,6729.67,Base sintética,2026-09-15
MOV-01078,2025-04-01,2025-04-22,,Saída,Tecnologia,Comercial,Entidade 060,Cartão,Vencido,688.89,0.0,Base sintética,2026-09-15
MOV-01079,2025-02-01,2025-02-08,2025-02-03,Saída,Fornecedores,Tecnologia,Entidade 006,PIX,Pago no prazo,6872.02,6912.34,Base sintética,2026-09-15
MOV-01080,2025-02-01,2025-02-07,2025-02-07,Saída,Folha,Financeiro,Entidade 075,Transferência,Pago no prazo,14508.43,14412.28,Base sintética,2026-09-15
MOV-01081,2025-07-01,2025-07-12,2025-07-10,Entrada,Receita de serviços,Operações,Entidade 082,Boleto,Pago no prazo,6038.56,6046.71,Base sintética,2026-09-15
MOV-01082,2025-11-01,2025-11-28,2025-12-02,Saída,Tecnologia,Tecnologia,Entidade 029,Cartão,Pago em atraso,10338.35,10406.29,Base sintética,2026-09-15
MOV-01083,2025-11-01,2025-11-14,2025-11-06,Saída,Tecnologia,Operações,Entidade 011,PIX,Pago no prazo,16287.81,16358.72,Base sintética,2026-09-15
MOV-01084,2026-07-01,2026-07-06,2026-07-24,Entrada,Receita de serviços,Comercial,Entidade 070,Boleto,Pago em atraso,7054.7,7044.4,Base sintética,2026-09-15
MOV-01085,2025-07-01,2025-07-01,2025-06-24,Saída,Impostos,Administrativo,Entidade 065,Boleto,Pago no prazo,3507.61,3501.95,Base sintética,2026-09-15
MOV-01086,2026-06-01,2026-06-23,2026-06-15,Entrada,Vendas,Tecnologia,Entidade 081,PIX,Pago no prazo,6535.91,6479.59,Base sintética,2026-09-15
MOV-01087,2026-03-01,2026-03-22,,Entrada,Receita de serviços,Tecnologia,Entidade 070,PIX,Vencido,505.04,0.0,Base sintética,2026-09-15
MOV-01088,2025-03-01,2025-03-02,2025-03-02,Saída,Fornecedores,Comercial,Entidade 004,PIX,Pago no prazo,18033.07,17859.07,Base sintética,2026-09-15
MOV-01089,2025-01-01,2025-01-26,,Saída,Infraestrutura,Financeiro,Entidade 036,Boleto,Vencido,190.0,0.0,Base sintética,2026-09-15
MOV-01090,2026-08-01,2026-08-07,2026-07-29,Saída,Impostos,Operações,Entidade 035,Boleto,Pago no prazo,4402.38,4403.23,Base sintética,2026-09-15
MOV-01091,2025-06-01,2025-06-03,,Saída,Impostos,Financeiro,Entidade 048,Cartão,Vencido,607.45,0.0,Base sintética,2026-09-15
MOV-01092,2025-05-01,2025-05-27,,Entrada,Vendas,Tecnologia,Entidade 061,Transferência,Vencido,614.29,0.0,Base sintética,2026-09-15
MOV-01093,2025-03-01,2025-03-30,2025-03-27,Entrada,Rendimentos,Tecnologia,Entidade 029,Cartão,Pago no prazo,8599.5,8477.64,Base sintética,2026-09-15
MOV-01094,2026-08-01,2026-08-01,2026-07-23,Saída,Folha,Comercial,Entidade 047,Boleto,Pago no prazo,14573.07,14357.76,Base sintética,2026-09-15
MOV-01095,2025-06-01,2025-06-25,2025-06-22,Entrada,Rendimentos,Operações,Entidade 058,Boleto,Pago no prazo,7290.94,7261.32,Base sintética,2026-09-15
MOV-01096,2025-12-01,2025-12-06,2025-12-02,Saída,Tecnologia,Tecnologia,Entidade 035,Transferência,Pago no prazo,8835.39,8755.52,Base sintética,2026-09-15
MOV-01097,2025-11-01,2025-11-29,2025-11-28,Saída,Impostos,Tecnologia,Entidade 038,PIX,Pago no prazo,9752.14,9772.14,Base sintética,2026-09-15
MOV-01098,2026-01-01,2026-01-07,2026-01-05,Saída,Tecnologia,Comercial,Entidade 005,Transferência,Pago no prazo,3202.95,3223.69,Base sintética,2026-09-15
MOV-01099,2026-01-01,2026-01-14,2026-01-13,Entrada,Vendas,Administrativo,Entidade 012,PIX,Pago no prazo,5108.98,5123.1,Base sintética,2026-09-15
MOV-01100,2026-01-01,2026-01-16,2026-01-11,Saída,Fornecedores,Administrativo,Entidade 020,PIX,Pago no prazo,9224.8,9229.62,Base sintética,2026-09-15
MOV-01101,2025-04-01,2025-04-13,2025-04-06,Saída,Infraestrutura,Comercial,Entidade 033,Boleto,Pago no prazo,7663.42,7643.21,Base sintética,2026-09-15
MOV-01102,2025-08-01,2025-08-13,2025-08-04,Saída,Tecnologia,Administrativo,Entidade 011,Boleto,Pago no prazo,28132.15,28041.2,Base sintética,2026-09-15
MOV-01103,2025-05-01,2025-05-08,2025-05-08,Saída,Tecnologia,Financeiro,Entidade 043,Cartão,Pago no prazo,12939.37,13041.43,Base sintética,2026-09-15
MOV-01104,2025-10-01,2025-10-05,2025-10-03,Entrada,Rendimentos,Financeiro,Entidade 019,Transferência,Pago no prazo,15273.75,15277.64,Base sintética,2026-09-15
MOV-01105,2025-11-01,2025-11-11,2025-11-08,Entrada,Receita de serviços,Comercial,Entidade 075,Boleto,Pago no prazo,6942.16,7008.19,Base sintética,2026-09-15
MOV-01106,2026-03-01,2026-03-11,2026-03-10,Entrada,Rendimentos,Financeiro,Entidade 082,Cartão,Pago no prazo,3390.85,3420.29,Base sintética,2026-09-15
MOV-01107,2025-02-01,2025-02-14,2025-02-13,Saída,Infraestrutura,Administrativo,Entidade 009,Boleto,Pago no prazo,2874.77,2903.31,Base sintética,2026-09-15
MOV-01108,2025-11-01,2025-11-18,2025-11-14,Entrada,Aporte,Operações,Entidade 023,PIX,Pago no prazo,15247.67,15368.57,Base sintética,2026-09-15
MOV-01109,2025-09-01,2025-09-25,2025-09-20,Saída,Fornecedores,Comercial,Entidade 033,PIX,Pago no prazo,4861.57,4844.05,Base sintética,2026-09-15
MOV-01110,2026-03-01,2026-03-09,,Saída,Folha,Operações,Entidade 022,Cartão,Vencido,1103.37,0.0,Base sintética,2026-09-15
MOV-01111,2026-06-01,2026-06-01,,Entrada,Rendimentos,Operações,Entidade 013,PIX,Vencido,545.48,0.0,Base sintética,2026-09-15
MOV-01112,2025-11-01,2025-11-16,2025-11-07,Saída,Tecnologia,Operações,Entidade 072,Cartão,Pago no prazo,7520.47,7514.31,Base sintética,2026-09-15
MOV-01113,2025-06-01,2025-06-27,2025-06-25,Saída,Folha,Tecnologia,Entidade 038,PIX,Pago no prazo,12095.01,12214.98,Base sintética,2026-09-15
MOV-01114,2026-04-01,2026-04-21,2026-04-18,Entrada,Vendas,Financeiro,Entidade 070,Transferência,Pago no prazo,10526.76,10401.19,Base sintética,2026-09-15
MOV-01115,2025-05-01,2025-05-08,2025-05-15,Saída,Impostos,Financeiro,Entidade 016,Transferência,Pago em atraso,7777.02,7718.72,Base sintética,2026-09-15
MOV-01116,2026-07-01,2026-07-01,2026-06-21,Saída,Folha,Comercial,Entidade 052,Boleto,Pago no prazo,9770.09,9825.17,Base sintética,2026-09-15
MOV-01117,2025-07-01,2025-07-06,2025-06-27,Saída,Logística,Operações,Entidade 031,PIX,Pago no prazo,7129.14,7070.91,Base sintética,2026-09-15
MOV-01118,2025-12-01,2025-12-11,2025-12-02,Entrada,Rendimentos,Comercial,Entidade 046,Cartão,Pago no prazo,8299.34,8235.57,Base sintética,2026-09-15
MOV-01119,2026-05-01,2026-05-30,2026-06-04,Saída,Tecnologia,Operações,Entidade 017,Boleto,Pago em atraso,7107.16,7071.54,Base sintética,2026-09-15
MOV-01120,2026-02-01,2026-02-07,2026-01-28,Saída,Infraestrutura,Administrativo,Entidade 032,PIX,Pago no prazo,5549.14,5491.05,Base sintética,2026-09-15
MOV-01121,2026-07-01,2026-07-26,,Saída,Tecnologia,Financeiro,Entidade 005,Boleto,Vencido,312.66,0.0,Base sintética,2026-09-15
MOV-01122,2026-07-01,2026-07-30,2026-07-30,Entrada,Aporte,Comercial,Entidade 054,PIX,Pago no prazo,6639.85,6669.57,Base sintética,2026-09-15
MOV-01123,2025-03-01,2025-03-07,2025-03-24,Entrada,Rendimentos,Administrativo,Entidade 037,Transferência,Pago em atraso,4546.75,4485.15,Base sintética,2026-09-15
MOV-01124,2025-09-01,2025-09-29,2025-09-20,Entrada,Vendas,Tecnologia,Entidade 071,Transferência,Pago no prazo,13056.36,12914.13,Base sintética,2026-09-15
MOV-01125,2026-01-01,2026-01-02,2025-12-25,Entrada,Aporte,Operações,Entidade 075,Transferência,Pago no prazo,22678.83,22609.78,Base sintética,2026-09-15
MOV-01126,2025-12-01,2025-12-13,2025-12-24,Entrada,Rendimentos,Tecnologia,Entidade 064,PIX,Pago em atraso,7422.9,7328.19,Base sintética,2026-09-15
MOV-01127,2025-02-01,2025-02-13,2025-02-28,Saída,Tecnologia,Administrativo,Entidade 009,Transferência,Pago em atraso,3783.35,3766.01,Base sintética,2026-09-15
MOV-01128,2026-05-01,2026-05-17,2026-05-14,Entrada,Rendimentos,Financeiro,Entidade 023,PIX,Pago no prazo,6400.73,6315.83,Base sintética,2026-09-15
MOV-01129,2026-06-01,2026-06-28,2026-06-19,Saída,Logística,Financeiro,Entidade 046,Boleto,Pago no prazo,2963.38,2933.08,Base sintética,2026-09-15
MOV-01130,2026-03-01,2026-03-12,2026-03-09,Saída,Impostos,Comercial,Entidade 004,PIX,Pago no prazo,8280.33,8157.34,Base sintética,2026-09-15
MOV-01131,2025-05-01,2025-05-14,2025-05-07,Saída,Logística,Financeiro,Entidade 076,Boleto,Pago no prazo,22790.32,22486.25,Base sintética,2026-09-15
MOV-01132,2025-10-01,2025-10-16,2025-10-12,Entrada,Receita de serviços,Comercial,Entidade 060,Boleto,Pago no prazo,3356.1,3333.17,Base sintética,2026-09-15
MOV-01133,2025-05-01,2025-05-20,2025-05-16,Entrada,Aporte,Administrativo,Entidade 007,Cartão,Pago no prazo,6568.89,6603.02,Base sintética,2026-09-15
MOV-01134,2026-02-01,2026-02-20,2026-02-15,Entrada,Receita de serviços,Financeiro,Entidade 057,Transferência,Pago no prazo,4631.19,4608.41,Base sintética,2026-09-15
MOV-01135,2025-12-01,2025-12-23,2025-12-30,Saída,Infraestrutura,Financeiro,Entidade 032,Cartão,Pago em atraso,12972.86,12861.63,Base sintética,2026-09-15
MOV-01136,2025-02-01,2025-02-03,2025-01-31,Entrada,Aporte,Operações,Entidade 080,Cartão,Pago no prazo,5853.09,5796.25,Base sintética,2026-09-15
MOV-01137,2026-01-01,2026-01-04,2026-01-04,Saída,Folha,Tecnologia,Entidade 037,Boleto,Pago no prazo,15141.62,15261.21,Base sintética,2026-09-15
MOV-01138,2025-01-01,2025-01-28,2025-01-19,Saída,Folha,Operações,Entidade 064,Boleto,Pago no prazo,30062.27,29835.59,Base sintética,2026-09-15
MOV-01139,2025-05-01,2025-05-03,2025-04-30,Saída,Infraestrutura,Financeiro,Entidade 043,Boleto,Pago no prazo,12984.65,12924.71,Base sintética,2026-09-15
MOV-01140,2025-08-01,2025-08-29,2025-08-29,Saída,Marketing,Financeiro,Entidade 081,Boleto,Pago no prazo,10061.59,9958.53,Base sintética,2026-09-15
MOV-01141,2025-04-01,2025-04-09,,Saída,Folha,Operações,Entidade 062,Transferência,Vencido,726.48,0.0,Base sintética,2026-09-15
MOV-01142,2026-02-01,2026-02-10,2026-02-09,Entrada,Receita de serviços,Financeiro,Entidade 034,Transferência,Pago no prazo,7561.45,7596.82,Base sintética,2026-09-15
MOV-01143,2026-05-01,2026-05-05,2026-05-10,Entrada,Aporte,Tecnologia,Entidade 061,Boleto,Pago em atraso,5780.26,5762.23,Base sintética,2026-09-15
MOV-01144,2025-03-01,2025-03-31,2025-03-28,Saída,Tecnologia,Financeiro,Entidade 012,Cartão,Pago no prazo,5057.8,5104.43,Base sintética,2026-09-15
MOV-01145,2025-12-01,2025-12-20,2025-12-20,Saída,Logística,Operações,Entidade 028,Cartão,Pago no prazo,11167.1,11023.27,Base sintética,2026-09-15
MOV-01146,2026-08-01,2026-08-01,2026-08-16,Saída,Folha,Comercial,Entidade 068,PIX,Pago em atraso,7001.48,7019.47,Base sintética,2026-09-15
MOV-01147,2025-08-01,2025-08-09,2025-08-06,Entrada,Aporte,Operações,Entidade 039,Cartão,Pago no prazo,5774.75,5760.91,Base sintética,2026-09-15
MOV-01148,2026-03-01,2026-03-26,2026-03-20,Saída,Folha,Comercial,Entidade 021,Boleto,Pago no prazo,2358.2,2324.07,Base sintética,2026-09-15
MOV-01149,2025-12-01,2025-12-04,2025-12-03,Entrada,Vendas,Operações,Entidade 079,Transferência,Pago no prazo,9363.65,9436.62,Base sintética,2026-09-15
MOV-01150,2026-04-01,2026-04-10,,Entrada,Aporte,Administrativo,Entidade 076,PIX,Vencido,331.33,0.0,Base sintética,2026-09-15
MOV-01151,2025-08-01,2025-08-15,2025-08-06,Entrada,Receita de serviços,Tecnologia,Entidade 013,Cartão,Pago no prazo,12690.93,12639.6,Base sintética,2026-09-15
MOV-01152,2025-07-01,2025-07-18,2025-07-16,Entrada,Receita de serviços,Financeiro,Entidade 039,Transferência,Pago no prazo,10805.39,10800.32,Base sintética,2026-09-15
MOV-01153,2026-01-01,2026-01-29,2026-01-27,Saída,Marketing,Financeiro,Entidade 031,Boleto,Pago no prazo,7409.24,7428.78,Base sintética,2026-09-15
MOV-01154,2025-01-01,2025-01-13,2025-01-04,Entrada,Rendimentos,Operações,Entidade 031,PIX,Pago no prazo,10708.32,10615.58,Base sintética,2026-09-15
MOV-01155,2025-02-01,2025-02-20,2025-02-12,Saída,Folha,Administrativo,Entidade 070,Boleto,Pago no prazo,6067.45,6002.31,Base sintética,2026-09-15
MOV-01156,2025-01-01,2025-01-14,2025-01-10,Saída,Folha,Tecnologia,Entidade 037,PIX,Pago no prazo,4865.43,4906.53,Base sintética,2026-09-15
MOV-01157,2025-10-01,2025-10-26,2025-10-17,Saída,Logística,Comercial,Entidade 059,Boleto,Pago no prazo,8357.89,8428.45,Base sintética,2026-09-15
MOV-01158,2026-02-01,2026-02-21,2026-02-17,Saída,Marketing,Tecnologia,Entidade 085,PIX,Pago no prazo,3496.67,3498.9,Base sintética,2026-09-15
MOV-01159,2026-05-01,2026-05-09,2026-05-09,Saída,Infraestrutura,Financeiro,Entidade 037,PIX,Pago no prazo,25594.89,25434.27,Base sintética,2026-09-15
MOV-01160,2025-11-01,2025-11-29,2025-12-19,Saída,Impostos,Administrativo,Entidade 053,Boleto,Pago em atraso,3290.1,3300.19,Base sintética,2026-09-15
MOV-01161,2025-11-01,2025-11-11,2025-11-07,Entrada,Aporte,Administrativo,Entidade 009,Cartão,Pago no prazo,4226.44,4191.62,Base sintética,2026-09-15
MOV-01162,2025-03-01,2025-03-09,2025-03-03,Saída,Logística,Tecnologia,Entidade 014,Boleto,Pago no prazo,10127.68,10068.06,Base sintética,2026-09-15
MOV-01163,2025-10-01,2025-10-16,2025-10-10,Saída,Tecnologia,Administrativo,Entidade 060,Cartão,Pago no prazo,2714.16,2733.17,Base sintética,2026-09-15
MOV-01164,2026-01-01,2026-01-31,2026-01-26,Saída,Impostos,Administrativo,Entidade 079,Cartão,Pago no prazo,11272.95,11149.97,Base sintética,2026-09-15
MOV-01165,2026-01-01,2026-01-31,2026-02-04,Saída,Logística,Tecnologia,Entidade 064,Transferência,Pago em atraso,2161.01,2147.27,Base sintética,2026-09-15
MOV-01166,2026-03-01,2026-03-31,2026-03-26,Saída,Impostos,Administrativo,Entidade 025,Cartão,Pago no prazo,6066.92,5994.99,Base sintética,2026-09-15
MOV-01167,2025-10-01,2025-10-13,2025-10-04,Entrada,Vendas,Administrativo,Entidade 034,Boleto,Pago no prazo,7904.4,7839.97,Base sintética,2026-09-15
MOV-01168,2025-11-01,2025-11-25,2025-11-22,Saída,Marketing,Financeiro,Entidade 083,Cartão,Pago no prazo,11088.97,11130.43,Base sintética,2026-09-15
MOV-01169,2026-08-01,2026-08-10,2026-08-08,Entrada,Rendimentos,Comercial,Entidade 006,Cartão,Pago no prazo,4400.84,4378.13,Base sintética,2026-09-15
MOV-01170,2025-08-01,2025-08-30,2025-08-21,Entrada,Aporte,Tecnologia,Entidade 070,Transferência,Pago no prazo,10097.84,10019.15,Base sintética,2026-09-15
MOV-01171,2025-04-01,2025-04-16,2025-04-06,Saída,Logística,Comercial,Entidade 040,Transferência,Pago no prazo,7621.08,7696.7,Base sintética,2026-09-15
MOV-01172,2025-02-01,2025-02-17,2025-02-12,Saída,Tecnologia,Operações,Entidade 062,Cartão,Pago no prazo,42725.89,42354.92,Base sintética,2026-09-15
MOV-01173,2025-08-01,2025-08-28,2025-08-24,Saída,Marketing,Financeiro,Entidade 046,Boleto,Pago no prazo,5423.39,5471.93,Base sintética,2026-09-15
MOV-01174,2025-09-01,2025-09-01,2025-09-01,Entrada,Rendimentos,Administrativo,Entidade 011,Boleto,Pago no prazo,20279.53,19990.88,Base sintética,2026-09-15
MOV-01175,2025-05-01,2025-05-08,2025-05-08,Saída,Impostos,Operações,Entidade 083,Boleto,Pago no prazo,27287.68,27546.5,Base sintética,2026-09-15
MOV-01176,2026-05-01,2026-05-11,2026-05-30,Saída,Infraestrutura,Tecnologia,Entidade 078,PIX,Pago em atraso,5750.22,5770.61,Base sintética,2026-09-15
MOV-01177,2025-07-01,2025-07-12,2025-07-21,Saída,Fornecedores,Comercial,Entidade 040,PIX,Pago em atraso,5808.81,5796.81,Base sintética,2026-09-15
MOV-01178,2025-04-01,2025-04-28,2025-04-25,Entrada,Rendimentos,Operações,Entidade 052,Transferência,Pago no prazo,14155.45,14250.54,Base sintética,2026-09-15
MOV-01179,2026-06-01,2026-06-22,2026-06-17,Saída,Marketing,Operações,Entidade 030,Transferência,Pago no prazo,5675.28,5694.43,Base sintética,2026-09-15
MOV-01180,2025-12-01,2025-12-10,2025-12-13,Entrada,Receita de serviços,Financeiro,Entidade 017,PIX,Pago em atraso,11099.51,11088.1,Base sintética,2026-09-15
MOV-01181,2025-05-01,2025-05-01,,Saída,Infraestrutura,Comercial,Entidade 015,Cartão,Vencido,480.12,0.0,Base sintética,2026-09-15
MOV-01182,2025-12-01,2025-12-24,2026-01-09,Saída,Folha,Comercial,Entidade 002,Boleto,Pago em atraso,1580.78,1564.21,Base sintética,2026-09-15
MOV-01183,2025-02-01,2025-02-27,2025-02-20,Entrada,Vendas,Operações,Entidade 044,Cartão,Pago no prazo,23998.49,24186.46,Base sintética,2026-09-15
MOV-01184,2025-08-01,2025-08-29,2025-08-23,Entrada,Rendimentos,Tecnologia,Entidade 082,Boleto,Pago no prazo,10392.97,10492.46,Base sintética,2026-09-15
MOV-01185,2026-07-01,2026-07-22,2026-07-13,Entrada,Vendas,Financeiro,Entidade 069,PIX,Pago no prazo,3472.14,3505.74,Base sintética,2026-09-15
MOV-01186,2026-08-01,2026-08-15,2026-08-11,Entrada,Vendas,Administrativo,Entidade 014,PIX,Pago no prazo,1989.55,1978.24,Base sintética,2026-09-15
MOV-01187,2025-10-01,2025-10-23,2025-10-13,Saída,Tecnologia,Operações,Entidade 017,Transferência,Pago no prazo,13151.95,13263.04,Base sintética,2026-09-15
MOV-01188,2025-05-01,2025-05-03,2025-04-23,Saída,Impostos,Operações,Entidade 042,PIX,Pago no prazo,1992.22,2004.5,Base sintética,2026-09-15
MOV-01189,2025-07-01,2025-07-24,2025-08-01,Entrada,Rendimentos,Operações,Entidade 002,Transferência,Pago em atraso,2567.6,2543.22,Base sintética,2026-09-15
MOV-01190,2025-06-01,2025-06-04,2025-05-26,Saída,Folha,Comercial,Entidade 078,Boleto,Pago no prazo,20863.2,20784.29,Base sintética,2026-09-15
MOV-01191,2026-04-01,2026-04-28,2026-04-27,Entrada,Vendas,Tecnologia,Entidade 033,Boleto,Pago no prazo,11841.74,11924.04,Base sintética,2026-09-15
MOV-01192,2025-04-01,2025-04-13,2025-04-05,Entrada,Vendas,Tecnologia,Entidade 085,PIX,Pago no prazo,5035.43,5059.56,Base sintética,2026-09-15
MOV-01193,2025-07-01,2025-07-15,2025-07-11,Saída,Tecnologia,Financeiro,Entidade 039,Transferência,Pago no prazo,10733.54,10665.75,Base sintética,2026-09-15
MOV-01194,2025-09-01,2025-09-06,2025-09-24,Saída,Tecnologia,Tecnologia,Entidade 043,Cartão,Pago em atraso,9987.56,10037.19,Base sintética,2026-09-15
MOV-01195,2025-05-01,2025-05-10,2025-05-06,Saída,Impostos,Operações,Entidade 023,Boleto,Pago no prazo,11067.62,11166.61,Base sintética,2026-09-15
MOV-01196,2025-09-01,2025-09-25,2025-10-08,Saída,Fornecedores,Tecnologia,Entidade 011,PIX,Pago em atraso,8054.61,8076.1,Base sintética,2026-09-15
MOV-01197,2026-08-01,2026-08-10,2026-08-04,Saída,Impostos,Comercial,Entidade 031,Transferência,Pago no prazo,11159.77,11058.17,Base sintética,2026-09-15
MOV-01198,2025-02-01,2025-02-06,2025-01-28,Entrada,Aporte,Comercial,Entidade 034,Boleto,Pago no prazo,8921.41,8874.17,Base sintética,2026-09-15
MOV-01199,2025-05-01,2025-05-26,2025-05-24,Saída,Marketing,Administrativo,Entidade 024,Cartão,Pago no prazo,15810.46,15797.68,Base sintética,2026-09-15
MOV-01200,2025-12-01,2025-12-07,2025-11-30,Entrada,Receita de serviços,Administrativo,Entidade 046,PIX,Pago no prazo,6892.81,6861.6,Base sintética,2026-09-15
MOV-01201,2025-06-01,2025-06-05,2025-06-01,Entrada,Aporte,Operações,Entidade 035,Boleto,Pago no prazo,7456.54,7453.59,Base sintética,2026-09-15
MOV-01202,2026-04-01,2026-04-27,2026-04-23,Entrada,Vendas,Financeiro,Entidade 024,PIX,Pago no prazo,17914.25,17706.76,Base sintética,2026-09-15
MOV-01203,2026-08-01,2026-08-23,,Saída,Marketing,Financeiro,Entidade 022,Cartão,Vencido,760.48,0.0,Base sintética,2026-09-15
MOV-01204,2026-03-01,2026-03-04,2026-02-28,Entrada,Rendimentos,Tecnologia,Entidade 024,PIX,Pago no prazo,4617.87,4603.79,Base sintética,2026-09-15
MOV-01205,2026-03-01,2026-03-04,2026-02-22,Entrada,Rendimentos,Comercial,Entidade 059,PIX,Pago no prazo,6185.78,6155.36,Base sintética,2026-09-15
MOV-01206,2025-02-01,2025-02-15,2025-02-08,Entrada,Receita de serviços,Operações,Entidade 080,PIX,Pago no prazo,19336.5,19350.2,Base sintética,2026-09-15
MOV-01207,2025-02-01,2025-02-05,2025-01-27,Saída,Marketing,Operações,Entidade 013,Cartão,Pago no prazo,4021.43,4001.74,Base sintética,2026-09-15
MOV-01208,2026-08-01,2026-08-18,2026-08-24,Saída,Tecnologia,Administrativo,Entidade 048,Cartão,Pago em atraso,14394.19,14535.69,Base sintética,2026-09-15
MOV-01209,2026-06-01,2026-06-25,2026-06-22,Saída,Impostos,Tecnologia,Entidade 041,Transferência,Pago no prazo,2347.75,2370.16,Base sintética,2026-09-15
MOV-01210,2026-03-01,2026-03-07,2026-03-01,Entrada,Vendas,Comercial,Entidade 059,Transferência,Pago no prazo,2788.41,2763.51,Base sintética,2026-09-15
MOV-01211,2025-03-01,2025-03-02,2025-02-25,Entrada,Receita de serviços,Administrativo,Entidade 072,PIX,Pago no prazo,29202.6,29098.0,Base sintética,2026-09-15
MOV-01212,2025-10-01,2025-10-09,2025-09-30,Saída,Infraestrutura,Financeiro,Entidade 059,Transferência,Pago no prazo,48051.65,47559.71,Base sintética,2026-09-15
MOV-01213,2026-05-01,2026-05-08,2026-05-03,Entrada,Receita de serviços,Financeiro,Entidade 037,Cartão,Pago no prazo,12046.32,12012.99,Base sintética,2026-09-15
MOV-01214,2025-10-01,2025-10-20,2025-10-18,Entrada,Receita de serviços,Comercial,Entidade 064,Cartão,Pago no prazo,8688.49,8585.11,Base sintética,2026-09-15
MOV-01215,2026-08-01,2026-08-26,2026-08-18,Entrada,Rendimentos,Administrativo,Entidade 066,Transferência,Pago no prazo,6275.11,6258.68,Base sintética,2026-09-15
MOV-01216,2025-08-01,2025-08-27,2025-08-23,Entrada,Aporte,Tecnologia,Entidade 075,Boleto,Pago no prazo,9218.2,9167.01,Base sintética,2026-09-15
MOV-01217,2026-02-01,2026-02-07,,Saída,Logística,Tecnologia,Entidade 012,PIX,Vencido,497.69,0.0,Base sintética,2026-09-15
MOV-01218,2025-05-01,2025-05-02,,Entrada,Rendimentos,Administrativo,Entidade 014,Boleto,Vencido,1036.76,0.0,Base sintética,2026-09-15
MOV-01219,2025-10-01,2025-10-28,2025-10-20,Saída,Fornecedores,Financeiro,Entidade 030,PIX,Pago no prazo,14086.62,13960.59,Base sintética,2026-09-15
MOV-01220,2026-02-01,2026-02-19,2026-02-12,Entrada,Rendimentos,Tecnologia,Entidade 072,Cartão,Pago no prazo,2842.48,2869.6,Base sintética,2026-09-15
MOV-01221,2025-11-01,2025-11-10,2025-11-09,Saída,Logística,Comercial,Entidade 002,PIX,Pago no prazo,5126.02,5108.82,Base sintética,2026-09-15
MOV-01222,2025-08-01,2025-08-19,2025-08-17,Entrada,Rendimentos,Administrativo,Entidade 066,PIX,Pago no prazo,9327.69,9365.52,Base sintética,2026-09-15
MOV-01223,2025-04-01,2025-04-22,2025-04-29,Saída,Infraestrutura,Tecnologia,Entidade 034,Transferência,Pago em atraso,2550.53,2551.42,Base sintética,2026-09-15
MOV-01224,2025-11-01,2025-11-21,2025-11-16,Entrada,Receita de serviços,Operações,Entidade 083,Transferência,Pago no prazo,13759.47,13721.42,Base sintética,2026-09-15
MOV-01225,2025-08-01,2025-08-21,2025-09-07,Saída,Folha,Administrativo,Entidade 026,PIX,Pago em atraso,4453.18,4411.3,Base sintética,2026-09-15
MOV-01226,2026-06-01,2026-06-12,,Saída,Impostos,Operações,Entidade 047,Boleto,Vencido,553.89,0.0,Base sintética,2026-09-15
MOV-01227,2026-03-01,2026-03-17,2026-03-13,Entrada,Vendas,Operações,Entidade 059,Boleto,Pago no prazo,3378.92,3412.35,Base sintética,2026-09-15
MOV-01228,2026-03-01,2026-03-17,2026-03-12,Entrada,Receita de serviços,Administrativo,Entidade 025,Transferência,Pago no prazo,10823.7,10706.51,Base sintética,2026-09-15
MOV-01229,2025-09-01,2025-09-26,,Entrada,Aporte,Comercial,Entidade 015,Cartão,Vencido,609.81,0.0,Base sintética,2026-09-15
MOV-01230,2026-08-01,2026-08-07,2026-08-01,Entrada,Vendas,Administrativo,Entidade 041,Cartão,Pago no prazo,16186.4,16146.0,Base sintética,2026-09-15
MOV-01231,2026-08-01,2026-08-07,,Entrada,Receita de serviços,Comercial,Entidade 074,Cartão,Vencido,93.23,0.0,Base sintética,2026-09-15
MOV-01232,2025-06-01,2025-06-20,2025-06-20,Entrada,Vendas,Financeiro,Entidade 005,Boleto,Pago no prazo,12999.9,12842.2,Base sintética,2026-09-15
MOV-01233,2026-08-01,2026-08-26,2026-08-23,Entrada,Aporte,Financeiro,Entidade 083,PIX,Pago no prazo,10751.63,10835.07,Base sintética,2026-09-15
MOV-01234,2025-09-01,2025-09-26,2025-09-20,Saída,Fornecedores,Administrativo,Entidade 045,PIX,Pago no prazo,14559.66,14583.48,Base sintética,2026-09-15
MOV-01235,2026-04-01,2026-04-21,2026-04-21,Saída,Impostos,Operações,Entidade 081,PIX,Pago no prazo,10151.12,10161.81,Base sintética,2026-09-15
MOV-01236,2025-04-01,2025-04-04,2025-03-28,Saída,Folha,Operações,Entidade 040,PIX,Pago no prazo,6611.72,6517.33,Base sintética,2026-09-15
MOV-01237,2025-06-01,2025-06-07,2025-06-07,Saída,Fornecedores,Comercial,Entidade 033,Cartão,Pago no prazo,3934.76,3909.98,Base sintética,2026-09-15
MOV-01238,2025-06-01,2025-06-12,2025-06-10,Saída,Logística,Financeiro,Entidade 033,Cartão,Pago no prazo,9997.4,9937.61,Base sintética,2026-09-15
MOV-01239,2026-07-01,2026-07-18,2026-07-11,Entrada,Vendas,Operações,Entidade 001,Transferência,Pago no prazo,4626.68,4635.63,Base sintética,2026-09-15
MOV-01240,2026-03-01,2026-03-18,2026-03-18,Saída,Folha,Tecnologia,Entidade 053,PIX,Pago no prazo,3034.33,3027.32,Base sintética,2026-09-15
MOV-01241,2025-07-01,2025-07-29,2025-07-24,Entrada,Vendas,Comercial,Entidade 016,Cartão,Pago no prazo,9666.97,9588.35,Base sintética,2026-09-15
MOV-01242,2025-10-01,2025-10-26,2025-10-20,Saída,Folha,Comercial,Entidade 044,Cartão,Pago no prazo,9244.02,9166.67,Base sintética,2026-09-15
MOV-01243,2026-05-01,2026-05-09,,Entrada,Rendimentos,Administrativo,Entidade 058,Boleto,Vencido,1082.07,0.0,Base sintética,2026-09-15
MOV-01244,2025-01-01,2025-01-24,2025-01-17,Entrada,Aporte,Comercial,Entidade 017,Boleto,Pago no prazo,6301.51,6329.11,Base sintética,2026-09-15
MOV-01245,2025-03-01,2025-03-14,2025-04-01,Entrada,Rendimentos,Operações,Entidade 085,Transferência,Pago em atraso,7517.37,7577.89,Base sintética,2026-09-15
MOV-01246,2025-08-01,2025-08-26,2025-08-19,Entrada,Rendimentos,Comercial,Entidade 011,Transferência,Pago no prazo,13647.45,13768.52,Base sintética,2026-09-15
MOV-01247,2026-07-01,2026-07-27,2026-07-18,Entrada,Aporte,Comercial,Entidade 031,Transferência,Pago no prazo,3582.21,3565.36,Base sintética,2026-09-15
MOV-01248,2026-05-01,2026-05-09,2026-05-08,Entrada,Rendimentos,Financeiro,Entidade 054,Boleto,Pago no prazo,2163.54,2181.95,Base sintética,2026-09-15
MOV-01249,2026-05-01,2026-05-10,,Entrada,Receita de serviços,Administrativo,Entidade 060,Transferência,Vencido,591.22,0.0,Base sintética,2026-09-15
MOV-01250,2026-04-01,2026-04-23,2026-04-22,Entrada,Aporte,Comercial,Entidade 038,Transferência,Pago no prazo,9094.32,9078.02,Base sintética,2026-09-15
MOV-01251,2025-10-01,2025-10-06,2025-10-04,Entrada,Aporte,Tecnologia,Entidade 058,Cartão,Pago no prazo,11215.69,11072.53,Base sintética,2026-09-15
MOV-01252,2026-03-01,2026-03-07,2026-03-03,Saída,Impostos,Comercial,Entidade 023,Boleto,Pago no prazo,6788.26,6748.79,Base sintética,2026-09-15
MOV-01253,2026-08-01,2026-08-16,2026-08-11,Entrada,Rendimentos,Comercial,Entidade 028,Transferência,Pago no prazo,19545.21,19449.28,Base sintética,2026-09-15
MOV-01254,2025-06-01,2025-06-26,2025-06-21,Entrada,Vendas,Comercial,Entidade 064,Boleto,Pago no prazo,2161.32,2148.73,Base sintética,2026-09-15
MOV-01255,2025-05-01,2025-05-15,2025-05-07,Saída,Folha,Tecnologia,Entidade 058,Transferência,Pago no prazo,14562.28,14495.58,Base sintética,2026-09-15
MOV-01256,2026-01-01,2026-01-12,2026-01-09,Entrada,Aporte,Financeiro,Entidade 064,Cartão,Pago no prazo,22942.33,23092.39,Base sintética,2026-09-15
MOV-01257,2025-10-01,2025-10-25,2025-10-23,Saída,Infraestrutura,Comercial,Entidade 007,Cartão,Pago no prazo,23692.88,23388.03,Base sintética,2026-09-15
MOV-01258,2025-07-01,2025-07-31,2025-07-30,Saída,Logística,Operações,Entidade 070,Transferência,Pago no prazo,7603.2,7494.03,Base sintética,2026-09-15
MOV-01259,2025-09-01,2025-09-12,2025-09-07,Saída,Impostos,Tecnologia,Entidade 045,PIX,Pago no prazo,38374.39,38743.09,Base sintética,2026-09-15
MOV-01260,2025-09-01,2025-09-07,,Saída,Marketing,Operações,Entidade 031,Boleto,Vencido,1442.28,0.0,Base sintética,2026-09-15
MOV-01261,2026-06-01,2026-06-01,2026-05-26,Saída,Logística,Comercial,Entidade 045,Transferência,Pago no prazo,16433.81,16574.07,Base sintética,2026-09-15
MOV-01262,2025-01-01,2025-01-18,2025-01-12,Entrada,Rendimentos,Financeiro,Entidade 048,Transferência,Pago no prazo,2666.54,2672.72,Base sintética,2026-09-15
MOV-01263,2025-12-01,2025-12-12,2025-12-10,Saída,Logística,Tecnologia,Entidade 008,PIX,Pago no prazo,6368.83,6378.63,Base sintética,2026-09-15
MOV-01264,2025-08-01,2025-08-13,2025-08-07,Entrada,Receita de serviços,Comercial,Entidade 080,PIX,Pago no prazo,27251.06,27492.82,Base sintética,2026-09-15
MOV-01265,2025-03-01,2025-03-14,,Saída,Fornecedores,Comercial,Entidade 006,Transferência,Vencido,643.1,0.0,Base sintética,2026-09-15
MOV-01266,2026-07-01,2026-07-21,2026-07-17,Saída,Folha,Financeiro,Entidade 030,Boleto,Pago no prazo,2890.14,2873.82,Base sintética,2026-09-15
MOV-01267,2025-08-01,2025-08-23,2025-08-15,Saída,Marketing,Administrativo,Entidade 070,Boleto,Pago no prazo,8971.54,9020.39,Base sintética,2026-09-15
MOV-01268,2026-01-01,2026-01-29,2026-02-03,Saída,Marketing,Tecnologia,Entidade 029,Transferência,Pago em atraso,7131.94,7041.74,Base sintética,2026-09-15
MOV-01269,2026-02-01,2026-02-20,2026-02-19,Entrada,Vendas,Comercial,Entidade 061,Transferência,Pago no prazo,2511.11,2477.43,Base sintética,2026-09-15
MOV-01270,2026-06-01,2026-06-01,2026-06-01,Entrada,Rendimentos,Financeiro,Entidade 038,PIX,Pago no prazo,28109.89,27715.02,Base sintética,2026-09-15
MOV-01271,2026-07-01,2026-07-19,2026-07-09,Saída,Impostos,Comercial,Entidade 034,Boleto,Pago no prazo,3089.94,3062.76,Base sintética,2026-09-15
MOV-01272,2026-04-01,2026-04-04,2026-04-02,Entrada,Vendas,Comercial,Entidade 014,Cartão,Pago no prazo,10798.9,10694.37,Base sintética,2026-09-15
MOV-01273,2025-02-01,2025-02-01,2025-01-25,Entrada,Rendimentos,Tecnologia,Entidade 076,Transferência,Pago no prazo,9503.41,9374.78,Base sintética,2026-09-15
MOV-01274,2026-05-01,2026-05-01,,Saída,Impostos,Tecnologia,Entidade 042,PIX,Vencido,122.26,0.0,Base sintética,2026-09-15
MOV-01275,2025-02-01,2025-02-11,2025-02-09,Saída,Fornecedores,Tecnologia,Entidade 056,Boleto,Pago no prazo,14950.91,14793.45,Base sintética,2026-09-15
MOV-01276,2025-09-01,2025-09-25,2025-09-18,Saída,Fornecedores,Financeiro,Entidade 021,Transferência,Pago no prazo,4745.78,4749.14,Base sintética,2026-09-15
MOV-01277,2025-08-01,2025-08-21,,Entrada,Rendimentos,Financeiro,Entidade 062,Boleto,Vencido,514.97,0.0,Base sintética,2026-09-15
MOV-01278,2026-07-01,2026-07-26,,Saída,Marketing,Tecnologia,Entidade 010,PIX,Vencido,533.3,0.0,Base sintética,2026-09-15
MOV-01279,2025-06-01,2025-06-25,2025-06-18,Saída,Logística,Comercial,Entidade 041,PIX,Pago no prazo,7066.52,6976.56,Base sintética,2026-09-15
MOV-01280,2026-06-01,2026-06-22,2026-06-18,Entrada,Rendimentos,Comercial,Entidade 009,Boleto,Pago no prazo,6816.06,6837.11,Base sintética,2026-09-15
MOV-01281,2025-05-01,2025-05-09,,Entrada,Receita de serviços,Financeiro,Entidade 055,PIX,Vencido,189.88,0.0,Base sintética,2026-09-15
MOV-01282,2026-01-01,2026-01-26,2026-01-24,Entrada,Aporte,Financeiro,Entidade 004,PIX,Pago no prazo,8794.65,8689.53,Base sintética,2026-09-15
MOV-01283,2025-09-01,2025-09-30,2025-09-30,Entrada,Rendimentos,Comercial,Entidade 036,Boleto,Pago no prazo,16550.58,16632.26,Base sintética,2026-09-15
MOV-01284,2025-11-01,2025-11-18,2025-11-12,Entrada,Vendas,Financeiro,Entidade 060,PIX,Pago no prazo,3444.84,3450.98,Base sintética,2026-09-15
MOV-01285,2025-01-01,2025-01-29,2025-01-25,Entrada,Aporte,Tecnologia,Entidade 011,Cartão,Pago no prazo,1979.11,1969.23,Base sintética,2026-09-15
MOV-01286,2025-10-01,2025-10-18,2025-10-17,Saída,Impostos,Operações,Entidade 028,Boleto,Pago no prazo,9039.97,9018.48,Base sintética,2026-09-15
MOV-01287,2025-05-01,2025-05-03,2025-04-30,Entrada,Vendas,Financeiro,Entidade 025,PIX,Pago no prazo,2617.44,2635.19,Base sintética,2026-09-15
MOV-01288,2026-07-01,2026-07-18,2026-07-16,Entrada,Aporte,Financeiro,Entidade 051,Boleto,Pago no prazo,25212.23,25085.68,Base sintética,2026-09-15
MOV-01289,2025-11-01,2025-11-02,2025-11-02,Entrada,Receita de serviços,Administrativo,Entidade 063,Boleto,Pago no prazo,2797.05,2813.56,Base sintética,2026-09-15
MOV-01290,2025-03-01,2025-03-15,2025-03-05,Saída,Fornecedores,Tecnologia,Entidade 044,Cartão,Pago no prazo,3114.55,3072.39,Base sintética,2026-09-15
MOV-01291,2025-10-01,2025-10-04,2025-10-02,Entrada,Vendas,Comercial,Entidade 078,PIX,Pago no prazo,10340.53,10293.71,Base sintética,2026-09-15
MOV-01292,2026-01-01,2026-01-18,2026-02-02,Saída,Tecnologia,Comercial,Entidade 028,Cartão,Pago em atraso,3136.71,3146.52,Base sintética,2026-09-15
MOV-01293,2026-08-01,2026-08-13,2026-08-04,Saída,Logística,Tecnologia,Entidade 061,Boleto,Pago no prazo,8217.06,8122.65,Base sintética,2026-09-15
MOV-01294,2025-07-01,2025-07-28,2025-08-02,Entrada,Aporte,Comercial,Entidade 031,Transferência,Pago em atraso,6192.44,6136.08,Base sintética,2026-09-15
MOV-01295,2025-08-01,2025-08-21,2025-08-18,Entrada,Aporte,Tecnologia,Entidade 007,Cartão,Pago no prazo,6503.73,6456.11,Base sintética,2026-09-15
MOV-01296,2026-04-01,2026-04-27,,Entrada,Vendas,Administrativo,Entidade 072,Transferência,Vencido,720.5,0.0,Base sintética,2026-09-15
MOV-01297,2025-09-01,2025-09-20,2025-09-20,Entrada,Rendimentos,Operações,Entidade 006,Boleto,Pago no prazo,15920.93,15786.44,Base sintética,2026-09-15
MOV-01298,2026-07-01,2026-07-09,2026-06-30,Saída,Tecnologia,Operações,Entidade 080,Transferência,Pago no prazo,5530.77,5547.02,Base sintética,2026-09-15
MOV-01299,2026-05-01,2026-05-16,2026-05-13,Saída,Fornecedores,Administrativo,Entidade 034,PIX,Pago no prazo,18219.81,18039.41,Base sintética,2026-09-15
MOV-01300,2025-06-01,2025-06-06,2025-06-01,Saída,Logística,Financeiro,Entidade 065,Boleto,Pago no prazo,9955.31,9899.94,Base sintética,2026-09-15
MOV-01301,2026-05-01,2026-05-12,2026-05-09,Saída,Impostos,Operações,Entidade 022,PIX,Pago no prazo,10245.67,10278.21,Base sintética,2026-09-15
MOV-01302,2025-08-01,2025-08-07,,Saída,Marketing,Operações,Entidade 031,Boleto,Vencido,314.52,0.0,Base sintética,2026-09-15
MOV-01303,2025-04-01,2025-04-10,2025-04-05,Saída,Fornecedores,Operações,Entidade 011,PIX,Pago no prazo,9348.64,9416.75,Base sintética,2026-09-15
MOV-01304,2025-12-01,2025-12-10,2025-12-07,Entrada,Receita de serviços,Tecnologia,Entidade 016,Cartão,Pago no prazo,4657.27,4601.75,Base sintética,2026-09-15
MOV-01305,2026-07-01,2026-07-20,,Saída,Fornecedores,Tecnologia,Entidade 053,Boleto,Vencido,421.21,0.0,Base sintética,2026-09-15
MOV-01306,2025-09-01,2025-09-27,2025-09-26,Entrada,Rendimentos,Administrativo,Entidade 026,Transferência,Pago no prazo,2010.29,2006.51,Base sintética,2026-09-15
MOV-01307,2026-08-01,2026-08-11,2026-08-06,Saída,Logística,Tecnologia,Entidade 076,Cartão,Pago no prazo,8306.91,8303.76,Base sintética,2026-09-15
MOV-01308,2025-12-01,2025-12-13,2025-12-04,Entrada,Rendimentos,Financeiro,Entidade 003,Transferência,Pago no prazo,7611.84,7544.63,Base sintética,2026-09-15
MOV-01309,2026-01-01,2026-01-06,2025-12-29,Saída,Infraestrutura,Operações,Entidade 009,Transferência,Pago no prazo,5740.52,5713.65,Base sintética,2026-09-15
MOV-01310,2026-05-01,2026-05-28,,Saída,Folha,Financeiro,Entidade 055,PIX,Vencido,316.37,0.0,Base sintética,2026-09-15
MOV-01311,2025-08-01,2025-08-17,2025-08-13,Entrada,Vendas,Administrativo,Entidade 016,Boleto,Pago no prazo,4347.89,4307.66,Base sintética,2026-09-15
MOV-01312,2026-03-01,2026-03-28,2026-03-24,Saída,Marketing,Financeiro,Entidade 044,Transferência,Pago no prazo,12177.85,12105.91,Base sintética,2026-09-15
MOV-01313,2025-07-01,2025-07-28,2025-07-21,Saída,Marketing,Comercial,Entidade 078,Transferência,Pago no prazo,4726.98,4739.58,Base sintética,2026-09-15
MOV-01314,2026-04-01,2026-04-01,2026-03-28,Saída,Folha,Financeiro,Entidade 064,Boleto,Pago no prazo,6028.83,6042.07,Base sintética,2026-09-15
MOV-01315,2025-01-01,2025-01-11,2025-01-26,Saída,Marketing,Administrativo,Entidade 042,Cartão,Pago em atraso,25032.5,24868.31,Base sintética,2026-09-15
MOV-01316,2025-04-01,2025-04-06,2025-03-27,Saída,Marketing,Comercial,Entidade 016,Transferência,Pago no prazo,15662.38,15549.62,Base sintética,2026-09-15
MOV-01317,2026-03-01,2026-03-25,2026-03-17,Entrada,Vendas,Comercial,Entidade 077,PIX,Pago no prazo,8197.97,8148.38,Base sintética,2026-09-15
MOV-01318,2026-04-01,2026-04-24,2026-04-20,Saída,Marketing,Administrativo,Entidade 074,Boleto,Pago no prazo,6601.87,6608.99,Base sintética,2026-09-15
MOV-01319,2025-05-01,2025-05-31,2025-05-28,Entrada,Receita de serviços,Financeiro,Entidade 081,PIX,Pago no prazo,4699.13,4700.34,Base sintética,2026-09-15
MOV-01320,2025-01-01,2025-01-24,2025-02-12,Saída,Logística,Financeiro,Entidade 010,Boleto,Pago em atraso,28787.46,28547.72,Base sintética,2026-09-15
MOV-01321,2026-01-01,2026-01-09,,Saída,Infraestrutura,Operações,Entidade 001,Cartão,Vencido,2222.83,0.0,Base sintética,2026-09-15
MOV-01322,2026-04-01,2026-04-07,2026-03-29,Entrada,Aporte,Comercial,Entidade 048,PIX,Pago no prazo,40567.97,40595.99,Base sintética,2026-09-15
MOV-01323,2025-09-01,2025-09-15,,Entrada,Vendas,Comercial,Entidade 051,Boleto,Vencido,630.96,0.0,Base sintética,2026-09-15
MOV-01324,2025-12-01,2025-12-02,2025-11-22,Saída,Marketing,Operações,Entidade 071,Boleto,Pago no prazo,9567.81,9536.9,Base sintética,2026-09-15
MOV-01325,2026-03-01,2026-03-11,2026-03-06,Saída,Folha,Financeiro,Entidade 058,Boleto,Pago no prazo,11054.49,10997.85,Base sintética,2026-09-15
MOV-01326,2026-01-01,2026-01-30,2026-01-20,Entrada,Vendas,Comercial,Entidade 031,Cartão,Pago no prazo,3651.99,3677.58,Base sintética,2026-09-15
MOV-01327,2025-04-01,2025-04-25,,Saída,Fornecedores,Administrativo,Entidade 079,Cartão,Vencido,1110.28,0.0,Base sintética,2026-09-15
MOV-01328,2025-09-01,2025-09-24,2025-09-19,Entrada,Receita de serviços,Tecnologia,Entidade 068,PIX,Pago no prazo,5593.23,5549.81,Base sintética,2026-09-15
MOV-01329,2026-08-01,2026-08-25,2026-08-19,Saída,Folha,Tecnologia,Entidade 016,Cartão,Pago no prazo,4213.2,4216.52,Base sintética,2026-09-15
MOV-01330,2026-08-01,2026-08-10,2026-08-09,Entrada,Rendimentos,Operações,Entidade 084,Transferência,Pago no prazo,12941.67,13050.04,Base sintética,2026-09-15
MOV-01331,2025-08-01,2025-08-08,2025-07-31,Saída,Fornecedores,Operações,Entidade 008,Transferência,Pago no prazo,4611.53,4580.66,Base sintética,2026-09-15
MOV-01332,2025-12-01,2025-12-04,2025-11-26,Saída,Impostos,Administrativo,Entidade 072,Cartão,Pago no prazo,9162.96,9248.8,Base sintética,2026-09-15
MOV-01333,2026-05-01,2026-05-05,2026-05-04,Entrada,Rendimentos,Comercial,Entidade 031,Boleto,Pago no prazo,7639.24,7628.24,Base sintética,2026-09-15
MOV-01334,2026-06-01,2026-06-13,2026-06-08,Entrada,Rendimentos,Comercial,Entidade 038,Boleto,Pago no prazo,18971.49,18760.01,Base sintética,2026-09-15
MOV-01335,2026-01-01,2026-01-17,2026-01-15,Saída,Impostos,Comercial,Entidade 006,Boleto,Pago no prazo,3432.49,3383.92,Base sintética,2026-09-15
MOV-01336,2026-05-01,2026-05-27,2026-05-19,Entrada,Aporte,Tecnologia,Entidade 049,Boleto,Pago no prazo,1821.49,1811.53,Base sintética,2026-09-15
MOV-01337,2026-04-01,2026-04-19,2026-04-18,Entrada,Receita de serviços,Comercial,Entidade 077,PIX,Pago no prazo,13317.88,13291.7,Base sintética,2026-09-15
MOV-01338,2026-08-01,2026-08-10,2026-07-31,Saída,Folha,Comercial,Entidade 041,PIX,Pago no prazo,16232.59,16263.67,Base sintética,2026-09-15
MOV-01339,2025-04-01,2025-04-07,2025-04-07,Saída,Logística,Administrativo,Entidade 051,PIX,Pago no prazo,19867.33,19763.67,Base sintética,2026-09-15
MOV-01340,2026-08-01,2026-08-08,2026-08-07,Saída,Folha,Tecnologia,Entidade 048,PIX,Pago no prazo,5638.25,5654.92,Base sintética,2026-09-15
MOV-01341,2025-12-01,2025-12-11,2025-12-09,Entrada,Vendas,Comercial,Entidade 029,Transferência,Pago no prazo,9053.71,9008.77,Base sintética,2026-09-15
MOV-01342,2026-06-01,2026-06-24,2026-06-15,Saída,Marketing,Comercial,Entidade 003,Boleto,Pago no prazo,2360.89,2331.04,Base sintética,2026-09-15
MOV-01343,2025-01-01,2025-01-27,2025-01-17,Saída,Fornecedores,Comercial,Entidade 029,PIX,Pago no prazo,11139.95,11070.0,Base sintética,2026-09-15
MOV-01344,2025-04-01,2025-04-06,2025-04-25,Saída,Impostos,Administrativo,Entidade 009,Transferência,Pago em atraso,2828.26,2845.71,Base sintética,2026-09-15
MOV-01345,2025-06-01,2025-06-16,,Entrada,Receita de serviços,Administrativo,Entidade 037,Boleto,Vencido,271.07,0.0,Base sintética,2026-09-15
MOV-01346,2025-07-01,2025-07-03,2025-06-29,Entrada,Vendas,Operações,Entidade 064,Boleto,Pago no prazo,11195.54,11116.92,Base sintética,2026-09-15
MOV-01347,2025-01-01,2025-01-29,2025-01-25,Entrada,Vendas,Comercial,Entidade 022,Cartão,Pago no prazo,41659.05,41407.24,Base sintética,2026-09-15
MOV-01348,2026-07-01,2026-07-01,2026-06-23,Entrada,Receita de serviços,Administrativo,Entidade 017,Boleto,Pago no prazo,8892.79,8863.21,Base sintética,2026-09-15
MOV-01349,2025-02-01,2025-02-22,2025-02-17,Saída,Infraestrutura,Financeiro,Entidade 022,Cartão,Pago no prazo,4803.62,4738.16,Base sintética,2026-09-15
MOV-01350,2025-08-01,2025-08-11,2025-08-11,Entrada,Rendimentos,Tecnologia,Entidade 058,Cartão,Pago no prazo,16605.24,16752.35,Base sintética,2026-09-15
MOV-01351,2026-08-01,2026-08-24,,Saída,Tecnologia,Comercial,Entidade 005,Cartão,Vencido,334.77,0.0,Base sintética,2026-09-15
MOV-01352,2025-04-01,2025-04-02,,Entrada,Rendimentos,Administrativo,Entidade 002,Cartão,Vencido,205.5,0.0,Base sintética,2026-09-15
MOV-01353,2026-01-01,2026-01-07,2026-01-06,Saída,Impostos,Tecnologia,Entidade 014,Transferência,Pago no prazo,12491.29,12422.9,Base sintética,2026-09-15
MOV-01354,2026-03-01,2026-03-27,2026-03-24,Saída,Fornecedores,Comercial,Entidade 032,Transferência,Pago no prazo,15333.46,15108.8,Base sintética,2026-09-15
MOV-01355,2025-05-01,2025-05-15,2025-05-14,Saída,Fornecedores,Financeiro,Entidade 070,Boleto,Pago no prazo,6283.26,6243.01,Base sintética,2026-09-15
MOV-01356,2026-05-01,2026-05-08,2026-04-29,Saída,Tecnologia,Financeiro,Entidade 063,Cartão,Pago no prazo,21448.28,21424.28,Base sintética,2026-09-15
MOV-01357,2025-10-01,2025-10-12,2025-10-11,Saída,Logística,Administrativo,Entidade 072,PIX,Pago no prazo,10540.25,10536.11,Base sintética,2026-09-15
MOV-01358,2025-07-01,2025-07-29,2025-07-23,Entrada,Vendas,Tecnologia,Entidade 027,Boleto,Pago no prazo,13815.23,13736.44,Base sintética,2026-09-15
MOV-01359,2026-06-01,2026-06-24,2026-06-23,Entrada,Receita de serviços,Operações,Entidade 015,Boleto,Pago no prazo,9472.55,9396.32,Base sintética,2026-09-15
MOV-01360,2025-10-01,2025-10-02,2025-09-28,Entrada,Vendas,Tecnologia,Entidade 026,Cartão,Pago no prazo,9730.99,9791.82,Base sintética,2026-09-15
MOV-01361,2026-04-01,2026-04-10,2026-04-07,Saída,Infraestrutura,Comercial,Entidade 018,Transferência,Pago no prazo,90607.09,90513.59,Base sintética,2026-09-15
MOV-01362,2025-09-01,2025-09-27,2025-10-11,Entrada,Rendimentos,Comercial,Entidade 006,Transferência,Pago em atraso,12856.08,12911.04,Base sintética,2026-09-15
MOV-01363,2025-01-01,2025-01-16,2025-01-12,Saída,Folha,Tecnologia,Entidade 043,PIX,Pago no prazo,6171.18,6096.87,Base sintética,2026-09-15
MOV-01364,2025-12-01,2025-12-04,2025-11-25,Entrada,Rendimentos,Tecnologia,Entidade 007,Boleto,Pago no prazo,3312.95,3286.49,Base sintética,2026-09-15
MOV-01365,2025-05-01,2025-05-16,,Saída,Fornecedores,Administrativo,Entidade 034,Boleto,Vencido,248.63,0.0,Base sintética,2026-09-15
MOV-01366,2025-01-01,2025-01-11,2025-01-06,Saída,Impostos,Comercial,Entidade 015,Boleto,Pago no prazo,9256.88,9221.4,Base sintética,2026-09-15
MOV-01367,2025-10-01,2025-10-31,2025-10-22,Entrada,Receita de serviços,Tecnologia,Entidade 075,Transferência,Pago no prazo,20534.08,20605.91,Base sintética,2026-09-15
MOV-01368,2025-05-01,2025-05-19,,Entrada,Rendimentos,Comercial,Entidade 062,Cartão,Vencido,1039.31,0.0,Base sintética,2026-09-15
MOV-01369,2026-02-01,2026-02-25,2026-02-22,Saída,Infraestrutura,Financeiro,Entidade 064,Boleto,Pago no prazo,5858.8,5808.21,Base sintética,2026-09-15
MOV-01370,2025-01-01,2025-01-18,2025-01-15,Entrada,Vendas,Operações,Entidade 017,Cartão,Pago no prazo,6031.83,6058.12,Base sintética,2026-09-15
MOV-01371,2025-01-01,2025-01-20,2025-01-19,Entrada,Rendimentos,Tecnologia,Entidade 049,Transferência,Pago no prazo,7517.58,7503.63,Base sintética,2026-09-15
MOV-01372,2025-05-01,2025-05-13,2025-05-08,Entrada,Receita de serviços,Comercial,Entidade 053,Boleto,Pago no prazo,2401.52,2383.03,Base sintética,2026-09-15
MOV-01373,2025-02-01,2025-02-14,2025-02-08,Saída,Impostos,Financeiro,Entidade 073,Boleto,Pago no prazo,9895.87,9749.56,Base sintética,2026-09-15
MOV-01374,2026-01-01,2026-01-16,2026-01-08,Saída,Infraestrutura,Financeiro,Entidade 058,Boleto,Pago no prazo,10446.65,10525.7,Base sintética,2026-09-15
MOV-01375,2026-03-01,2026-03-14,2026-03-06,Saída,Infraestrutura,Financeiro,Entidade 024,PIX,Pago no prazo,7235.35,7228.05,Base sintética,2026-09-15
MOV-01376,2025-09-01,2025-09-19,,Entrada,Rendimentos,Comercial,Entidade 072,PIX,Vencido,227.53,0.0,Base sintética,2026-09-15
MOV-01377,2025-06-01,2025-06-03,,Entrada,Aporte,Tecnologia,Entidade 032,Cartão,Vencido,867.08,0.0,Base sintética,2026-09-15
MOV-01378,2025-05-01,2025-05-24,2025-05-17,Entrada,Aporte,Comercial,Entidade 074,Cartão,Pago no prazo,1522.09,1504.72,Base sintética,2026-09-15
MOV-01379,2026-01-01,2026-01-22,2026-01-16,Saída,Logística,Operações,Entidade 019,Cartão,Pago no prazo,9362.62,9308.74,Base sintética,2026-09-15
MOV-01380,2025-04-01,2025-04-12,2025-04-10,Entrada,Vendas,Operações,Entidade 062,Boleto,Pago no prazo,17348.41,17325.41,Base sintética,2026-09-15
MOV-01381,2025-06-01,2025-06-14,2025-06-10,Saída,Logística,Financeiro,Entidade 057,Boleto,Pago no prazo,20188.95,20069.47,Base sintética,2026-09-15
MOV-01382,2025-03-01,2025-03-05,2025-02-25,Saída,Folha,Financeiro,Entidade 043,PIX,Pago no prazo,8564.67,8569.31,Base sintética,2026-09-15
MOV-01383,2026-01-01,2026-01-10,2025-12-31,Saída,Tecnologia,Tecnologia,Entidade 011,Boleto,Pago no prazo,8291.58,8262.87,Base sintética,2026-09-15
MOV-01384,2025-05-01,2025-05-29,2025-05-30,Entrada,Aporte,Administrativo,Entidade 011,Transferência,Pago em atraso,4700.0,4639.0,Base sintética,2026-09-15
MOV-01385,2026-02-01,2026-02-07,2026-02-06,Entrada,Rendimentos,Tecnologia,Entidade 048,Transferência,Pago no prazo,25362.75,25275.94,Base sintética,2026-09-15
MOV-01386,2025-12-01,2025-12-29,2025-12-25,Entrada,Receita de serviços,Administrativo,Entidade 030,Cartão,Pago no prazo,2329.83,2312.32,Base sintética,2026-09-15
MOV-01387,2025-05-01,2025-05-04,2025-04-28,Saída,Infraestrutura,Administrativo,Entidade 075,Cartão,Pago no prazo,6114.25,6158.72,Base sintética,2026-09-15
MOV-01388,2026-03-01,2026-03-19,2026-03-10,Entrada,Vendas,Financeiro,Entidade 077,Cartão,Pago no prazo,2723.84,2732.72,Base sintética,2026-09-15
MOV-01389,2025-04-01,2025-04-04,2025-03-28,Saída,Impostos,Administrativo,Entidade 035,Transferência,Pago no prazo,7841.81,7824.43,Base sintética,2026-09-15
MOV-01390,2026-03-01,2026-03-22,,Saída,Fornecedores,Tecnologia,Entidade 030,PIX,Vencido,835.8,0.0,Base sintética,2026-09-15
MOV-01391,2025-05-01,2025-05-06,2025-05-06,Entrada,Rendimentos,Financeiro,Entidade 058,Transferência,Pago no prazo,11856.79,11890.85,Base sintética,2026-09-15
MOV-01392,2025-04-01,2025-04-07,2025-04-03,Saída,Infraestrutura,Tecnologia,Entidade 008,Cartão,Pago no prazo,11598.75,11497.11,Base sintética,2026-09-15
MOV-01393,2026-03-01,2026-03-26,2026-03-18,Entrada,Vendas,Comercial,Entidade 054,PIX,Pago no prazo,4585.73,4590.72,Base sintética,2026-09-15
MOV-01394,2025-05-01,2025-05-29,2025-05-20,Saída,Logística,Operações,Entidade 011,Boleto,Pago no prazo,8614.98,8514.12,Base sintética,2026-09-15
MOV-01395,2026-05-01,2026-05-23,2026-05-23,Saída,Tecnologia,Administrativo,Entidade 061,Transferência,Pago no prazo,16656.8,16766.05,Base sintética,2026-09-15
MOV-01396,2025-09-01,2025-09-27,,Entrada,Vendas,Administrativo,Entidade 023,PIX,Vencido,1148.44,0.0,Base sintética,2026-09-15
MOV-01397,2026-05-01,2026-05-04,2026-05-04,Saída,Impostos,Financeiro,Entidade 085,Transferência,Pago no prazo,12867.36,12796.45,Base sintética,2026-09-15
MOV-01398,2025-07-01,2025-07-09,2025-06-29,Saída,Fornecedores,Operações,Entidade 059,Cartão,Pago no prazo,25543.2,25317.24,Base sintética,2026-09-15
MOV-01399,2025-02-01,2025-02-20,2025-02-13,Saída,Fornecedores,Operações,Entidade 002,Boleto,Pago no prazo,24896.91,24659.65,Base sintética,2026-09-15
MOV-01400,2025-10-01,2025-10-13,,Entrada,Aporte,Tecnologia,Entidade 003,PIX,Vencido,795.73,0.0,Base sintética,2026-09-15
MOV-01401,2025-10-01,2025-10-20,2025-10-10,Entrada,Receita de serviços,Operações,Entidade 080,Cartão,Pago no prazo,13238.5,13064.3,Base sintética,2026-09-15
MOV-01402,2025-09-01,2025-09-27,2025-09-17,Saída,Folha,Administrativo,Entidade 038,Boleto,Pago no prazo,19128.89,19048.14,Base sintética,2026-09-15
MOV-01403,2025-05-01,2025-05-10,2025-04-30,Saída,Marketing,Operações,Entidade 079,Cartão,Pago no prazo,4138.04,4105.36,Base sintética,2026-09-15
MOV-01404,2026-05-01,2026-05-16,2026-05-14,Saída,Impostos,Financeiro,Entidade 074,PIX,Pago no prazo,6564.67,6469.79,Base sintética,2026-09-15
MOV-01405,2026-03-01,2026-03-02,,Saída,Marketing,Comercial,Entidade 014,Transferência,Vencido,422.37,0.0,Base sintética,2026-09-15
MOV-01406,2025-04-01,2025-04-20,2025-04-10,Entrada,Rendimentos,Administrativo,Entidade 018,Transferência,Pago no prazo,2230.13,2249.17,Base sintética,2026-09-15
MOV-01407,2025-03-01,2025-03-20,,Saída,Infraestrutura,Comercial,Entidade 051,Cartão,Vencido,522.63,0.0,Base sintética,2026-09-15
MOV-01408,2025-12-01,2025-12-08,2025-11-30,Saída,Impostos,Financeiro,Entidade 016,PIX,Pago no prazo,6292.96,6348.26,Base sintética,2026-09-15
MOV-01409,2026-08-01,2026-08-30,2026-09-07,Entrada,Receita de serviços,Tecnologia,Entidade 057,PIX,Pago em atraso,9316.0,9301.85,Base sintética,2026-09-15
MOV-01410,2025-03-01,2025-03-31,2025-03-21,Entrada,Rendimentos,Comercial,Entidade 005,PIX,Pago no prazo,19392.89,19109.76,Base sintética,2026-09-15
MOV-01411,2025-04-01,2025-04-08,2025-04-01,Entrada,Rendimentos,Tecnologia,Entidade 073,PIX,Pago no prazo,7305.71,7371.75,Base sintética,2026-09-15
MOV-01412,2026-06-01,2026-06-17,2026-07-05,Entrada,Rendimentos,Administrativo,Entidade 040,Boleto,Pago em atraso,6704.25,6757.1,Base sintética,2026-09-15
MOV-01413,2025-05-01,2025-05-23,2025-05-13,Saída,Logística,Administrativo,Entidade 034,PIX,Pago no prazo,8792.27,8684.01,Base sintética,2026-09-15
MOV-01414,2026-05-01,2026-05-19,2026-05-19,Entrada,Receita de serviços,Financeiro,Entidade 062,Transferência,Pago no prazo,16773.41,16743.51,Base sintética,2026-09-15
MOV-01415,2026-06-01,2026-06-17,2026-06-13,Saída,Marketing,Operações,Entidade 017,PIX,Pago no prazo,2859.98,2850.74,Base sintética,2026-09-15
MOV-01416,2025-06-01,2025-06-28,2025-06-20,Entrada,Vendas,Tecnologia,Entidade 018,Cartão,Pago no prazo,4571.72,4579.03,Base sintética,2026-09-15
MOV-01417,2025-11-01,2025-11-23,2025-11-22,Saída,Fornecedores,Comercial,Entidade 009,PIX,Pago no prazo,9792.0,9779.68,Base sintética,2026-09-15
MOV-01418,2025-01-01,2025-01-13,2025-01-08,Saída,Fornecedores,Comercial,Entidade 063,Transferência,Pago no prazo,11809.64,11728.53,Base sintética,2026-09-15
MOV-01419,2026-03-01,2026-03-08,2026-03-07,Saída,Folha,Administrativo,Entidade 007,PIX,Pago no prazo,6269.52,6232.11,Base sintética,2026-09-15
MOV-01420,2025-03-01,2025-03-11,2025-03-22,Entrada,Rendimentos,Operações,Entidade 022,Boleto,Pago em atraso,12282.05,12155.88,Base sintética,2026-09-15
MOV-01421,2026-05-01,2026-05-17,2026-05-18,Saída,Fornecedores,Administrativo,Entidade 075,Transferência,Pago em atraso,6315.51,6228.67,Base sintética,2026-09-15
MOV-01422,2026-01-01,2026-01-06,2026-01-02,Saída,Infraestrutura,Operações,Entidade 036,Transferência,Pago no prazo,4140.87,4129.51,Base sintética,2026-09-15
MOV-01423,2026-07-01,2026-07-02,2026-07-01,Entrada,Vendas,Financeiro,Entidade 070,Boleto,Pago no prazo,9642.45,9499.15,Base sintética,2026-09-15
MOV-01424,2026-04-01,2026-04-20,2026-04-10,Saída,Impostos,Administrativo,Entidade 030,Transferência,Pago no prazo,4134.07,4149.79,Base sintética,2026-09-15
MOV-01425,2026-02-01,2026-02-05,2026-01-30,Saída,Tecnologia,Tecnologia,Entidade 037,Cartão,Pago no prazo,9634.64,9654.89,Base sintética,2026-09-15
MOV-01426,2026-01-01,2026-01-09,2026-01-03,Entrada,Rendimentos,Financeiro,Entidade 009,Cartão,Pago no prazo,11680.3,11559.2,Base sintética,2026-09-15
MOV-01427,2025-03-01,2025-03-01,2025-02-27,Entrada,Vendas,Comercial,Entidade 043,Boleto,Pago no prazo,4856.06,4828.8,Base sintética,2026-09-15
MOV-01428,2025-06-01,2025-06-25,2025-06-17,Saída,Tecnologia,Comercial,Entidade 036,Boleto,Pago no prazo,8277.78,8219.05,Base sintética,2026-09-15
MOV-01429,2026-02-01,2026-02-15,2026-02-06,Entrada,Rendimentos,Operações,Entidade 006,Boleto,Pago no prazo,32560.85,32477.72,Base sintética,2026-09-15
MOV-01430,2026-02-01,2026-02-28,2026-03-09,Saída,Tecnologia,Comercial,Entidade 011,PIX,Pago em atraso,5671.49,5592.22,Base sintética,2026-09-15
MOV-01431,2025-02-01,2025-02-17,2025-02-07,Saída,Tecnologia,Financeiro,Entidade 010,Boleto,Pago no prazo,8717.75,8653.81,Base sintética,2026-09-15
MOV-01432,2026-01-01,2026-01-18,2026-01-10,Entrada,Rendimentos,Operações,Entidade 038,Cartão,Pago no prazo,8344.67,8313.87,Base sintética,2026-09-15
MOV-01433,2026-03-01,2026-03-31,2026-04-20,Saída,Infraestrutura,Administrativo,Entidade 072,Boleto,Pago em atraso,9913.89,9802.31,Base sintética,2026-09-15
MOV-01434,2025-02-01,2025-02-27,2025-02-25,Saída,Fornecedores,Operações,Entidade 003,Boleto,Pago no prazo,4880.94,4899.38,Base sintética,2026-09-15
MOV-01435,2025-11-01,2025-11-08,2025-10-31,Saída,Tecnologia,Administrativo,Entidade 040,Transferência,Pago no prazo,3150.76,3118.65,Base sintética,2026-09-15
MOV-01436,2026-03-01,2026-03-09,,Entrada,Aporte,Administrativo,Entidade 038,PIX,Vencido,1005.81,0.0,Base sintética,2026-09-15
MOV-01437,2025-03-01,2025-03-27,,Entrada,Receita de serviços,Comercial,Entidade 025,PIX,Vencido,1329.9,0.0,Base sintética,2026-09-15
MOV-01438,2026-02-01,2026-02-18,2026-02-18,Entrada,Vendas,Tecnologia,Entidade 072,PIX,Pago no prazo,7481.37,7467.01,Base sintética,2026-09-15
MOV-01439,2026-04-01,2026-04-03,2026-03-24,Saída,Marketing,Financeiro,Entidade 019,PIX,Pago no prazo,9542.78,9612.91,Base sintética,2026-09-15
MOV-01440,2025-09-01,2025-09-20,2025-09-20,Saída,Marketing,Administrativo,Entidade 007,PIX,Pago no prazo,21364.66,21067.08,Base sintética,2026-09-15
MOV-01441,2026-04-01,2026-04-01,2026-03-31,Saída,Folha,Administrativo,Entidade 005,Cartão,Pago no prazo,9457.74,9491.69,Base sintética,2026-09-15
MOV-01442,2025-03-01,2025-03-31,2025-03-21,Entrada,Receita de serviços,Administrativo,Entidade 066,Transferência,Pago no prazo,10295.17,10323.54,Base sintética,2026-09-15
MOV-01443,2026-02-01,2026-02-12,2026-02-07,Entrada,Rendimentos,Financeiro,Entidade 024,PIX,Pago no prazo,17546.64,17534.23,Base sintética,2026-09-15
MOV-01444,2025-05-01,2025-05-04,2025-04-24,Saída,Folha,Financeiro,Entidade 075,PIX,Pago no prazo,4481.01,4437.85,Base sintética,2026-09-15
MOV-01445,2025-09-01,2025-09-10,2025-09-10,Entrada,Aporte,Comercial,Entidade 038,Boleto,Pago no prazo,9717.01,9791.43,Base sintética,2026-09-15
MOV-01446,2025-04-01,2025-04-26,2025-04-25,Entrada,Aporte,Comercial,Entidade 003,Boleto,Pago no prazo,2700.95,2708.27,Base sintética,2026-09-15
MOV-01447,2025-01-01,2025-01-21,2025-01-16,Saída,Infraestrutura,Tecnologia,Entidade 037,Boleto,Pago no prazo,13859.95,13942.33,Base sintética,2026-09-15
MOV-01448,2025-12-01,2025-12-19,2025-12-16,Saída,Logística,Financeiro,Entidade 031,Boleto,Pago no prazo,12793.83,12714.75,Base sintética,2026-09-15
MOV-01449,2025-12-01,2025-12-04,2025-12-05,Saída,Impostos,Operações,Entidade 072,Transferência,Pago em atraso,15092.31,14973.96,Base sintética,2026-09-15
MOV-01450,2026-06-01,2026-06-01,2026-05-31,Saída,Logística,Operações,Entidade 051,Cartão,Pago no prazo,26240.22,26071.6,Base sintética,2026-09-15
MOV-01451,2025-02-01,2025-02-04,2025-01-27,Entrada,Receita de serviços,Administrativo,Entidade 037,Cartão,Pago no prazo,941.61,943.13,Base sintética,2026-09-15
MOV-01452,2025-05-01,2025-05-15,2025-05-12,Entrada,Rendimentos,Operações,Entidade 032,Boleto,Pago no prazo,9034.78,8964.48,Base sintética,2026-09-15
MOV-01453,2026-06-01,2026-06-14,2026-06-07,Entrada,Aporte,Operações,Entidade 069,Boleto,Pago no prazo,2188.93,2194.09,Base sintética,2026-09-15
MOV-01454,2025-03-01,2025-03-27,2025-03-27,Entrada,Rendimentos,Financeiro,Entidade 031,Transferência,Pago no prazo,13031.73,12907.44,Base sintética,2026-09-15
MOV-01455,2026-07-01,2026-07-22,,Saída,Marketing,Comercial,Entidade 038,Cartão,Vencido,903.96,0.0,Base sintética,2026-09-15
MOV-01456,2025-06-01,2025-06-28,2025-06-22,Entrada,Vendas,Comercial,Entidade 019,Transferência,Pago no prazo,9071.26,9118.29,Base sintética,2026-09-15
MOV-01457,2025-05-01,2025-05-03,2025-05-01,Saída,Logística,Financeiro,Entidade 018,Cartão,Pago no prazo,27015.51,26796.87,Base sintética,2026-09-15
MOV-01458,2025-01-01,2025-01-14,2025-01-31,Saída,Infraestrutura,Operações,Entidade 083,Transferência,Pago em atraso,3163.54,3181.53,Base sintética,2026-09-15
MOV-01459,2026-06-01,2026-06-26,2026-07-12,Saída,Impostos,Comercial,Entidade 062,Cartão,Pago em atraso,13890.89,13703.44,Base sintética,2026-09-15
MOV-01460,2025-08-01,2025-08-20,2025-08-13,Saída,Infraestrutura,Tecnologia,Entidade 058,PIX,Pago no prazo,4711.65,4729.42,Base sintética,2026-09-15
MOV-01461,2025-12-01,2025-12-01,2025-11-27,Saída,Marketing,Comercial,Entidade 044,PIX,Pago no prazo,3733.97,3764.84,Base sintética,2026-09-15
MOV-01462,2025-07-01,2025-07-25,2025-07-25,Entrada,Vendas,Comercial,Entidade 059,Transferência,Pago no prazo,6854.83,6807.39,Base sintética,2026-09-15
MOV-01463,2025-06-01,2025-06-09,2025-05-30,Entrada,Receita de serviços,Operações,Entidade 082,Transferência,Pago no prazo,10073.7,10063.88,Base sintética,2026-09-15
MOV-01464,2026-03-01,2026-03-03,2026-03-03,Saída,Impostos,Financeiro,Entidade 041,Boleto,Pago no prazo,4344.11,4289.56,Base sintética,2026-09-15
MOV-01465,2025-05-01,2025-05-26,2025-05-22,Saída,Tecnologia,Administrativo,Entidade 077,Boleto,Pago no prazo,4851.31,4893.19,Base sintética,2026-09-15
MOV-01466,2026-05-01,2026-05-31,,Entrada,Receita de serviços,Financeiro,Entidade 025,Boleto,Vencido,559.14,0.0,Base sintética,2026-09-15
MOV-01467,2026-05-01,2026-05-22,2026-05-15,Saída,Tecnologia,Tecnologia,Entidade 019,PIX,Pago no prazo,5367.74,5320.09,Base sintética,2026-09-15
MOV-01468,2026-01-01,2026-01-28,2026-01-22,Entrada,Aporte,Operações,Entidade 015,Transferência,Pago no prazo,13320.93,13358.53,Base sintética,2026-09-15
MOV-01469,2025-10-01,2025-10-22,2025-10-13,Saída,Folha,Tecnologia,Entidade 074,PIX,Pago no prazo,26652.65,26605.49,Base sintética,2026-09-15
MOV-01470,2025-01-01,2025-01-02,2024-12-24,Entrada,Rendimentos,Financeiro,Entidade 040,Boleto,Pago no prazo,15814.25,15954.91,Base sintética,2026-09-15
MOV-01471,2025-08-01,2025-08-22,2025-08-19,Saída,Marketing,Operações,Entidade 042,Cartão,Pago no prazo,11985.97,11919.95,Base sintética,2026-09-15
MOV-01472,2025-01-01,2025-01-24,2025-01-20,Entrada,Vendas,Operações,Entidade 036,Boleto,Pago no prazo,2520.3,2540.65,Base sintética,2026-09-15
MOV-01473,2025-03-01,2025-03-17,2025-03-10,Entrada,Aporte,Administrativo,Entidade 069,PIX,Pago no prazo,6194.07,6178.04,Base sintética,2026-09-15
MOV-01474,2026-06-01,2026-06-24,2026-06-14,Saída,Marketing,Tecnologia,Entidade 034,Transferência,Pago no prazo,4563.95,4544.7,Base sintética,2026-09-15
MOV-01475,2025-04-01,2025-04-02,2025-03-29,Entrada,Receita de serviços,Tecnologia,Entidade 036,PIX,Pago no prazo,12858.43,12849.73,Base sintética,2026-09-15
MOV-01476,2026-08-01,2026-08-12,2026-08-27,Saída,Impostos,Tecnologia,Entidade 006,Transferência,Pago em atraso,14203.94,14244.9,Base sintética,2026-09-15
MOV-01477,2025-01-01,2025-01-26,2025-01-16,Saída,Infraestrutura,Financeiro,Entidade 012,PIX,Pago no prazo,37443.54,37709.9,Base sintética,2026-09-15
MOV-01478,2025-06-01,2025-06-28,2025-06-27,Saída,Impostos,Operações,Entidade 032,Transferência,Pago no prazo,10273.64,10319.38,Base sintética,2026-09-15
MOV-01479,2026-08-01,2026-08-16,,Saída,Tecnologia,Administrativo,Entidade 026,Boleto,Vencido,753.24,0.0,Base sintética,2026-09-15
MOV-01480,2025-05-01,2025-05-24,2025-05-20,Saída,Impostos,Comercial,Entidade 018,PIX,Pago no prazo,16350.62,16510.88,Base sintética,2026-09-15
MOV-01481,2025-04-01,2025-04-18,2025-04-09,Saída,Infraestrutura,Tecnologia,Entidade 066,Cartão,Pago no prazo,14527.97,14504.64,Base sintética,2026-09-15
MOV-01482,2026-06-01,2026-06-14,2026-06-05,Entrada,Receita de serviços,Financeiro,Entidade 002,Cartão,Pago no prazo,14529.51,14360.76,Base sintética,2026-09-15
MOV-01483,2026-05-01,2026-05-25,2026-05-16,Entrada,Rendimentos,Tecnologia,Entidade 057,Boleto,Pago no prazo,3648.8,3629.62,Base sintética,2026-09-15
MOV-01484,2025-08-01,2025-08-26,2025-08-23,Saída,Marketing,Administrativo,Entidade 052,Boleto,Pago no prazo,4240.7,4192.84,Base sintética,2026-09-15
MOV-01485,2025-09-01,2025-09-17,2025-09-07,Entrada,Receita de serviços,Administrativo,Entidade 068,Transferência,Pago no prazo,16853.76,16916.29,Base sintética,2026-09-15
MOV-01486,2026-07-01,2026-07-04,2026-07-04,Saída,Folha,Tecnologia,Entidade 015,Cartão,Pago no prazo,17784.8,17910.9,Base sintética,2026-09-15
MOV-01487,2026-01-01,2026-01-03,2025-12-25,Entrada,Receita de serviços,Tecnologia,Entidade 002,Transferência,Pago no prazo,2699.21,2661.76,Base sintética,2026-09-15
MOV-01488,2025-08-01,2025-08-29,,Saída,Infraestrutura,Administrativo,Entidade 042,Boleto,Vencido,636.85,0.0,Base sintética,2026-09-15
MOV-01489,2026-03-01,2026-03-27,2026-03-22,Entrada,Receita de serviços,Operações,Entidade 023,Cartão,Pago no prazo,21832.31,21817.68,Base sintética,2026-09-15
MOV-01490,2025-10-01,2025-10-05,2025-10-03,Saída,Marketing,Tecnologia,Entidade 041,PIX,Pago no prazo,23974.03,24209.42,Base sintética,2026-09-15
MOV-01491,2026-08-01,2026-08-08,2026-08-15,Saída,Impostos,Operações,Entidade 012,PIX,Pago em atraso,11211.14,11304.67,Base sintética,2026-09-15
MOV-01492,2025-09-01,2025-09-13,2025-09-07,Entrada,Aporte,Administrativo,Entidade 002,PIX,Pago no prazo,24356.53,24305.41,Base sintética,2026-09-15
MOV-01493,2026-08-01,2026-08-06,2026-08-06,Entrada,Vendas,Operações,Entidade 013,Boleto,Pago no prazo,10790.13,10777.19,Base sintética,2026-09-15
MOV-01494,2025-07-01,2025-07-15,2025-07-07,Saída,Impostos,Financeiro,Entidade 036,Transferência,Pago no prazo,70607.82,70004.9,Base sintética,2026-09-15
MOV-01495,2025-01-01,2025-01-08,2025-01-04,Saída,Logística,Comercial,Entidade 068,Cartão,Pago no prazo,19024.24,18877.36,Base sintética,2026-09-15
MOV-01496,2026-08-01,2026-08-05,2026-08-04,Entrada,Vendas,Administrativo,Entidade 027,Transferência,Pago no prazo,3677.34,3645.4,Base sintética,2026-09-15
MOV-01497,2025-03-01,2025-03-02,2025-02-22,Saída,Tecnologia,Comercial,Entidade 004,Cartão,Pago no prazo,26101.17,25954.57,Base sintética,2026-09-15
MOV-01498,2026-07-01,2026-07-03,2026-07-03,Saída,Tecnologia,Comercial,Entidade 025,Transferência,Pago no prazo,10259.94,10339.38,Base sintética,2026-09-15
MOV-01499,2026-08-01,2026-08-30,,Entrada,Rendimentos,Operações,Entidade 014,Transferência,Vencido,332.85,0.0,Base sintética,2026-09-15
MOV-01500,2026-04-01,2026-04-21,2026-04-21,Entrada,Vendas,Tecnologia,Entidade 013,Transferência,Pago no prazo,5291.96,5223.33,Base sintética,2026-09-15
MOV-01501,2025-04-01,2025-04-10,2025-04-10,Entrada,Aporte,Financeiro,Entidade 067,Transferência,Pago no prazo,15356.64,15391.91,Base sintética,2026-09-15
MOV-01502,2026-01-01,2026-01-13,2026-01-07,Entrada,Receita de serviços,Administrativo,Entidade 068,Cartão,Pago no prazo,5154.94,5153.72,Base sintética,2026-09-15
MOV-01503,2025-02-01,2025-02-17,2025-02-17,Saída,Tecnologia,Administrativo,Entidade 003,Cartão,Pago no prazo,18001.95,17910.69,Base sintética,2026-09-15
MOV-01504,2025-05-01,2025-05-06,2025-04-28,Entrada,Rendimentos,Operações,Entidade 014,Transferência,Pago no prazo,8167.83,8069.62,Base sintética,2026-09-15
MOV-01505,2025-06-01,2025-06-18,2025-06-14,Saída,Infraestrutura,Administrativo,Entidade 039,Transferência,Pago no prazo,5288.06,5310.96,Base sintética,2026-09-15
MOV-01506,2026-04-01,2026-04-08,2026-04-06,Saída,Infraestrutura,Financeiro,Entidade 007,Boleto,Pago no prazo,4977.76,4993.8,Base sintética,2026-09-15
MOV-01507,2025-07-01,2025-07-16,2025-07-14,Entrada,Rendimentos,Operações,Entidade 067,Transferência,Pago no prazo,10146.04,10232.95,Base sintética,2026-09-15
MOV-01508,2026-01-01,2026-01-29,2026-01-26,Entrada,Vendas,Operações,Entidade 071,Boleto,Pago no prazo,8774.05,8742.73,Base sintética,2026-09-15
MOV-01509,2026-06-01,2026-06-14,2026-06-08,Entrada,Vendas,Financeiro,Entidade 027,Boleto,Pago no prazo,10916.85,10897.46,Base sintética,2026-09-15
MOV-01510,2025-12-01,2025-12-18,2025-12-10,Saída,Marketing,Operações,Entidade 071,Transferência,Pago no prazo,45700.18,45497.44,Base sintética,2026-09-15
MOV-01511,2026-03-01,2026-03-22,,Entrada,Rendimentos,Tecnologia,Entidade 054,PIX,Vencido,395.6,0.0,Base sintética,2026-09-15
MOV-01512,2026-08-01,2026-08-07,2026-08-02,Saída,Marketing,Financeiro,Entidade 068,Cartão,Pago no prazo,12166.48,12055.64,Base sintética,2026-09-15
MOV-01513,2026-06-01,2026-06-28,2026-06-23,Entrada,Receita de serviços,Operações,Entidade 038,Boleto,Pago no prazo,2920.41,2943.29,Base sintética,2026-09-15
MOV-01514,2025-01-01,2025-01-18,2025-01-18,Saída,Infraestrutura,Administrativo,Entidade 049,Transferência,Pago no prazo,6260.11,6252.32,Base sintética,2026-09-15
MOV-01515,2026-07-01,2026-07-14,2026-07-13,Entrada,Vendas,Administrativo,Entidade 084,PIX,Pago no prazo,6111.25,6122.38,Base sintética,2026-09-15
MOV-01516,2026-01-01,2026-01-27,,Entrada,Receita de serviços,Operações,Entidade 052,Cartão,Vencido,185.56,0.0,Base sintética,2026-09-15
MOV-01517,2025-02-01,2025-02-12,2025-02-03,Entrada,Aporte,Tecnologia,Entidade 027,Transferência,Pago no prazo,8480.62,8497.85,Base sintética,2026-09-15
MOV-01518,2025-05-01,2025-05-06,,Entrada,Receita de serviços,Operações,Entidade 034,Boleto,Vencido,702.09,0.0,Base sintética,2026-09-15
MOV-01519,2026-08-01,2026-08-18,2026-08-16,Entrada,Aporte,Financeiro,Entidade 002,Transferência,Pago no prazo,7245.54,7173.75,Base sintética,2026-09-15
MOV-01520,2026-05-01,2026-05-17,2026-05-09,Entrada,Vendas,Comercial,Entidade 005,Transferência,Pago no prazo,14684.53,14555.63,Base sintética,2026-09-15
MOV-01521,2025-12-01,2025-12-18,2025-12-10,Saída,Tecnologia,Financeiro,Entidade 052,PIX,Pago no prazo,4903.06,4888.83,Base sintética,2026-09-15
MOV-01522,2026-01-01,2026-01-11,2026-01-11,Saída,Marketing,Comercial,Entidade 075,Transferência,Pago no prazo,16684.98,16683.21,Base sintética,2026-09-15
MOV-01523,2025-08-01,2025-08-15,2025-08-13,Saída,Logística,Operações,Entidade 061,Boleto,Pago no prazo,5457.66,5420.17,Base sintética,2026-09-15
MOV-01524,2025-10-01,2025-10-26,2025-10-19,Saída,Impostos,Operações,Entidade 085,Cartão,Pago no prazo,12529.95,12550.7,Base sintética,2026-09-15
MOV-01525,2025-05-01,2025-05-28,2025-05-20,Saída,Fornecedores,Operações,Entidade 072,Boleto,Pago no prazo,9240.24,9313.38,Base sintética,2026-09-15
MOV-01526,2025-11-01,2025-11-06,2025-11-06,Entrada,Rendimentos,Comercial,Entidade 039,PIX,Pago no prazo,4765.06,4765.96,Base sintética,2026-09-15
MOV-01527,2026-05-01,2026-05-22,2026-05-14,Saída,Logística,Administrativo,Entidade 052,Transferência,Pago no prazo,3293.61,3288.86,Base sintética,2026-09-15
MOV-01528,2025-01-01,2025-01-06,2024-12-30,Entrada,Receita de serviços,Administrativo,Entidade 070,Transferência,Pago no prazo,3315.42,3347.46,Base sintética,2026-09-15
MOV-01529,2026-06-01,2026-06-26,2026-06-26,Entrada,Receita de serviços,Administrativo,Entidade 007,Cartão,Pago no prazo,6407.52,6438.6,Base sintética,2026-09-15
MOV-01530,2025-04-01,2025-04-26,2025-04-17,Saída,Marketing,Operações,Entidade 083,Boleto,Pago no prazo,1894.37,1902.83,Base sintética,2026-09-15
MOV-01531,2025-08-01,2025-08-22,2025-08-13,Entrada,Rendimentos,Administrativo,Entidade 080,Cartão,Pago no prazo,1589.16,1580.73,Base sintética,2026-09-15
MOV-01532,2026-05-01,2026-05-27,2026-05-23,Entrada,Rendimentos,Administrativo,Entidade 058,Cartão,Pago no prazo,12990.71,13086.91,Base sintética,2026-09-15
MOV-01533,2026-04-01,2026-04-18,2026-04-18,Saída,Tecnologia,Tecnologia,Entidade 046,Boleto,Pago no prazo,4604.63,4599.64,Base sintética,2026-09-15
MOV-01534,2026-05-01,2026-05-14,2026-05-05,Saída,Tecnologia,Operações,Entidade 070,Transferência,Pago no prazo,7248.76,7215.06,Base sintética,2026-09-15
MOV-01535,2026-08-01,2026-08-21,2026-08-17,Entrada,Aporte,Administrativo,Entidade 005,Cartão,Pago no prazo,14172.27,14110.23,Base sintética,2026-09-15
MOV-01536,2025-07-01,2025-07-30,2025-07-23,Entrada,Receita de serviços,Tecnologia,Entidade 042,PIX,Pago no prazo,12850.22,12899.77,Base sintética,2026-09-15
MOV-01537,2026-08-01,2026-08-28,2026-08-23,Entrada,Receita de serviços,Tecnologia,Entidade 074,Boleto,Pago no prazo,1462.79,1477.01,Base sintética,2026-09-15
MOV-01538,2025-04-01,2025-04-17,2025-04-17,Entrada,Aporte,Administrativo,Entidade 060,Transferência,Pago no prazo,3135.04,3122.04,Base sintética,2026-09-15
MOV-01539,2025-09-01,2025-09-08,2025-08-30,Saída,Fornecedores,Financeiro,Entidade 067,Cartão,Pago no prazo,4230.9,4266.94,Base sintética,2026-09-15
MOV-01540,2025-03-01,2025-03-13,2025-03-17,Entrada,Rendimentos,Operações,Entidade 038,Cartão,Pago em atraso,22490.62,22525.16,Base sintética,2026-09-15
MOV-01541,2026-06-01,2026-06-14,2026-06-08,Entrada,Rendimentos,Financeiro,Entidade 037,Boleto,Pago no prazo,8019.96,7966.83,Base sintética,2026-09-15
MOV-01542,2026-08-01,2026-08-02,2026-07-30,Saída,Impostos,Administrativo,Entidade 031,Transferência,Pago no prazo,4098.81,4116.8,Base sintética,2026-09-15
MOV-01543,2026-06-01,2026-06-22,2026-06-18,Entrada,Aporte,Tecnologia,Entidade 072,Boleto,Pago no prazo,13948.16,13796.12,Base sintética,2026-09-15
MOV-01544,2026-06-01,2026-06-27,2026-06-25,Saída,Infraestrutura,Financeiro,Entidade 048,Boleto,Pago no prazo,13830.42,13939.85,Base sintética,2026-09-15
MOV-01545,2025-02-01,2025-02-16,,Entrada,Receita de serviços,Comercial,Entidade 056,Boleto,Vencido,3590.62,0.0,Base sintética,2026-09-15
MOV-01546,2025-04-01,2025-04-29,2025-04-27,Saída,Fornecedores,Administrativo,Entidade 006,PIX,Pago no prazo,31279.26,30852.25,Base sintética,2026-09-15
MOV-01547,2026-05-01,2026-05-25,2026-05-21,Entrada,Rendimentos,Financeiro,Entidade 030,Boleto,Pago no prazo,7398.59,7330.89,Base sintética,2026-09-15
MOV-01548,2025-10-01,2025-10-20,2025-10-15,Saída,Infraestrutura,Comercial,Entidade 054,Cartão,Pago no prazo,6579.22,6591.93,Base sintética,2026-09-15
MOV-01549,2025-05-01,2025-05-17,2025-05-12,Entrada,Vendas,Tecnologia,Entidade 075,Cartão,Pago no prazo,2971.21,2974.89,Base sintética,2026-09-15
MOV-01550,2025-05-01,2025-05-24,2025-05-20,Saída,Folha,Operações,Entidade 062,Boleto,Pago no prazo,5257.96,5225.32,Base sintética,2026-09-15
MOV-01551,2026-03-01,2026-03-31,2026-03-29,Entrada,Receita de serviços,Operações,Entidade 011,Boleto,Pago no prazo,3610.23,3640.93,Base sintética,2026-09-15
MOV-01552,2026-01-01,2026-01-21,2026-02-01,Entrada,Aporte,Administrativo,Entidade 067,Transferência,Pago em atraso,21391.94,21387.4,Base sintética,2026-09-15
MOV-01553,2025-02-01,2025-02-20,2025-02-19,Saída,Impostos,Financeiro,Entidade 069,Transferência,Pago no prazo,3105.49,3080.31,Base sintética,2026-09-15
MOV-01554,2025-02-01,2025-02-25,2025-03-07,Entrada,Vendas,Administrativo,Entidade 052,PIX,Pago em atraso,7736.55,7645.13,Base sintética,2026-09-15
MOV-01555,2026-05-01,2026-05-02,2026-05-22,Saída,Marketing,Operações,Entidade 083,Transferência,Pago em atraso,6993.98,7060.0,Base sintética,2026-09-15
MOV-01556,2025-08-01,2025-08-24,2025-08-20,Saída,Impostos,Financeiro,Entidade 049,Transferência,Pago no prazo,5944.72,5971.66,Base sintética,2026-09-15
MOV-01557,2025-03-01,2025-03-22,2025-03-16,Saída,Folha,Tecnologia,Entidade 043,Cartão,Pago no prazo,1797.4,1813.62,Base sintética,2026-09-15
MOV-01558,2026-05-01,2026-05-25,2026-06-02,Saída,Folha,Comercial,Entidade 062,Cartão,Pago em atraso,5875.83,5799.61,Base sintética,2026-09-15
MOV-01559,2026-04-01,2026-04-01,2026-03-30,Saída,Fornecedores,Operações,Entidade 026,PIX,Pago no prazo,10227.97,10318.42,Base sintética,2026-09-15
MOV-01560,2025-10-01,2025-10-05,2025-09-25,Saída,Infraestrutura,Tecnologia,Entidade 054,Boleto,Pago no prazo,8715.23,8638.62,Base sintética,2026-09-15
MOV-01561,2025-10-01,2025-10-04,2025-09-24,Saída,Folha,Financeiro,Entidade 001,Transferência,Pago no prazo,4606.75,4564.2,Base sintética,2026-09-15
MOV-01562,2026-03-01,2026-03-01,2026-03-12,Saída,Tecnologia,Tecnologia,Entidade 052,Transferência,Pago em atraso,21768.49,21471.51,Base sintética,2026-09-15
MOV-01563,2025-10-01,2025-10-29,2025-10-27,Entrada,Receita de serviços,Tecnologia,Entidade 029,Boleto,Pago no prazo,1578.31,1567.94,Base sintética,2026-09-15
MOV-01564,2026-04-01,2026-04-04,2026-04-04,Saída,Logística,Administrativo,Entidade 067,Transferência,Pago no prazo,5969.53,6007.91,Base sintética,2026-09-15
MOV-01565,2025-02-01,2025-02-22,2025-02-20,Entrada,Receita de serviços,Comercial,Entidade 006,PIX,Pago no prazo,3916.29,3874.95,Base sintética,2026-09-15
MOV-01566,2025-03-01,2025-03-02,2025-02-26,Entrada,Vendas,Financeiro,Entidade 010,PIX,Pago no prazo,7806.05,7842.91,Base sintética,2026-09-15
MOV-01567,2025-11-01,2025-11-22,2025-11-18,Saída,Infraestrutura,Comercial,Entidade 077,Boleto,Pago no prazo,29860.69,29682.66,Base sintética,2026-09-15
MOV-01568,2025-07-01,2025-07-21,2025-07-14,Saída,Marketing,Comercial,Entidade 004,Cartão,Pago no prazo,12589.78,12433.84,Base sintética,2026-09-15
MOV-01569,2025-12-01,2025-12-20,,Saída,Impostos,Tecnologia,Entidade 028,Boleto,Vencido,177.97,0.0,Base sintética,2026-09-15
MOV-01570,2025-09-01,2025-09-27,2025-09-17,Entrada,Receita de serviços,Tecnologia,Entidade 068,PIX,Pago no prazo,7702.94,7656.06,Base sintética,2026-09-15
MOV-01571,2025-10-01,2025-10-22,2025-11-01,Entrada,Rendimentos,Operações,Entidade 031,Transferência,Pago em atraso,30319.87,29980.27,Base sintética,2026-09-15
MOV-01572,2025-08-01,2025-08-28,2025-08-20,Saída,Marketing,Comercial,Entidade 048,PIX,Pago no prazo,1688.15,1695.3,Base sintética,2026-09-15
MOV-01573,2025-05-01,2025-05-29,2025-05-27,Entrada,Receita de serviços,Operações,Entidade 028,Cartão,Pago no prazo,6348.95,6332.37,Base sintética,2026-09-15
MOV-01574,2025-04-01,2025-04-03,2025-04-18,Saída,Fornecedores,Operações,Entidade 062,Boleto,Pago em atraso,3536.85,3496.95,Base sintética,2026-09-15
MOV-01575,2025-04-01,2025-04-11,2025-04-01,Saída,Fornecedores,Operações,Entidade 006,Cartão,Pago no prazo,2401.81,2370.87,Base sintética,2026-09-15
MOV-01576,2025-05-01,2025-05-25,2025-05-24,Entrada,Receita de serviços,Operações,Entidade 046,Transferência,Pago no prazo,13561.37,13660.63,Base sintética,2026-09-15
MOV-01577,2026-07-01,2026-07-28,2026-07-23,Saída,Logística,Administrativo,Entidade 020,PIX,Pago no prazo,3710.35,3726.64,Base sintética,2026-09-15
MOV-01578,2025-12-01,2025-12-09,2025-12-13,Saída,Fornecedores,Financeiro,Entidade 067,PIX,Pago em atraso,15449.15,15533.94,Base sintética,2026-09-15
MOV-01579,2025-05-01,2025-05-03,2025-05-08,Saída,Impostos,Operações,Entidade 080,PIX,Pago em atraso,6542.36,6518.79,Base sintética,2026-09-15
MOV-01580,2025-06-01,2025-06-03,2025-05-29,Saída,Folha,Operações,Entidade 060,Boleto,Pago no prazo,5600.08,5622.85,Base sintética,2026-09-15
MOV-01581,2025-07-01,2025-07-10,2025-07-01,Entrada,Rendimentos,Financeiro,Entidade 028,Boleto,Pago no prazo,6115.38,6029.79,Base sintética,2026-09-15
MOV-01582,2025-07-01,2025-07-13,2025-07-07,Entrada,Receita de serviços,Tecnologia,Entidade 018,Transferência,Pago no prazo,8679.93,8732.88,Base sintética,2026-09-15
MOV-01583,2025-11-01,2025-11-21,2025-11-13,Saída,Infraestrutura,Administrativo,Entidade 065,Cartão,Pago no prazo,3598.17,3608.58,Base sintética,2026-09-15
MOV-01584,2026-07-01,2026-07-27,2026-08-06,Saída,Tecnologia,Financeiro,Entidade 083,Boleto,Pago em atraso,3681.57,3710.67,Base sintética,2026-09-15
MOV-01585,2025-03-01,2025-03-19,2025-03-16,Entrada,Vendas,Administrativo,Entidade 062,Cartão,Pago no prazo,7263.68,7176.67,Base sintética,2026-09-15
MOV-01586,2025-07-01,2025-07-05,2025-07-02,Entrada,Aporte,Operações,Entidade 065,Cartão,Pago no prazo,9198.78,9251.39,Base sintética,2026-09-15
MOV-01587,2026-08-01,2026-08-16,2026-08-08,Entrada,Rendimentos,Comercial,Entidade 043,Boleto,Pago no prazo,4041.17,4017.24,Base sintética,2026-09-15
MOV-01588,2026-06-01,2026-06-16,2026-06-16,Entrada,Receita de serviços,Comercial,Entidade 010,Cartão,Pago no prazo,20693.65,20583.89,Base sintética,2026-09-15
MOV-01589,2026-03-01,2026-03-28,2026-03-26,Saída,Tecnologia,Financeiro,Entidade 002,Boleto,Pago no prazo,6571.99,6594.01,Base sintética,2026-09-15
MOV-01590,2025-04-01,2025-04-03,2025-03-28,Saída,Logística,Operações,Entidade 036,PIX,Pago no prazo,3854.69,3876.25,Base sintética,2026-09-15
MOV-01591,2026-08-01,2026-08-09,2026-08-04,Entrada,Rendimentos,Tecnologia,Entidade 028,PIX,Pago no prazo,4210.66,4161.97,Base sintética,2026-09-15
MOV-01592,2025-11-01,2025-11-23,2025-11-16,Entrada,Aporte,Administrativo,Entidade 003,PIX,Pago no prazo,7508.11,7444.4,Base sintética,2026-09-15
MOV-01593,2025-08-01,2025-08-27,2025-08-26,Entrada,Aporte,Administrativo,Entidade 059,Transferência,Pago no prazo,6272.83,6296.82,Base sintética,2026-09-15
MOV-01594,2025-01-01,2025-01-12,2025-01-10,Entrada,Receita de serviços,Tecnologia,Entidade 015,Boleto,Pago no prazo,15720.75,15614.77,Base sintética,2026-09-15
MOV-01595,2026-02-01,2026-02-19,2026-02-18,Saída,Infraestrutura,Comercial,Entidade 034,PIX,Pago no prazo,14926.31,15038.89,Base sintética,2026-09-15
MOV-01596,2026-07-01,2026-07-23,2026-07-20,Entrada,Receita de serviços,Financeiro,Entidade 033,PIX,Pago no prazo,9334.35,9211.13,Base sintética,2026-09-15
MOV-01597,2025-04-01,2025-04-08,2025-03-31,Saída,Tecnologia,Administrativo,Entidade 071,Transferência,Pago no prazo,10470.26,10425.69,Base sintética,2026-09-15
MOV-01598,2026-01-01,2026-01-20,2026-01-13,Saída,Marketing,Tecnologia,Entidade 080,Transferência,Pago no prazo,15031.52,15055.21,Base sintética,2026-09-15
MOV-01599,2025-11-01,2025-11-01,2025-11-01,Entrada,Aporte,Financeiro,Entidade 056,PIX,Pago no prazo,4429.77,4432.72,Base sintética,2026-09-15
MOV-01600,2025-10-01,2025-10-14,2025-10-26,Saída,Marketing,Comercial,Entidade 011,Transferência,Pago em atraso,14121.67,14130.66,Base sintética,2026-09-15
